process_date,market_condition,lstm_score,pyod_score
2024-10-12,-0.0087,0.00042497515,659.4037576957937
2024-10-12,-0.6198,0.0004996413,662.1788739223903
2024-10-12,-1.1082,0.0006299458,660.5916791940317
2024-10-12,-0.4468,0.00068093016,660.6068144396604
2024-10-12,0.4521,0.0009793901,661.1888660357235
2024-10-12,0.0476,0.00065511814,660.9525900786077
2024-10-12,0.2247,0.000907841,661.783602066906
2024-10-12,-0.2625,0.0009067461,661.4461226452984
2024-10-12,-0.6853,0.00031836279,661.919427947028
2024-10-12,-0.6306,0.00019579894,662.5352657864239
2024-10-12,-1.1471,0.00018506014,661.2156945582362
2024-10-12,0.3201,0.0001111299,660.4605646162439
2024-10-12,-0.1092,0.00019423892,663.1666618106128
2024-10-12,-0.6357,0.00015629534,660.584536047592
2024-10-12,-0.5746,9.265351e-05,660.7994262009433
2024-10-12,0.0572,6.807321e-05,660.2072830868283
2024-10-12,-0.4156,7.422578e-05,661.7736484418115
2024-10-12,-0.4106,5.8039026e-05,662.2367367026563
2024-10-12,0.3616,3.9061444e-05,660.7904138270383
2024-10-12,-1.0241,4.2089156e-05,661.7915205184358
2024-10-12,-1.1695,5.2697003e-05,667.5002756190764
2024-10-12,0.0153,0.0006010139,659.7771451298524
2024-10-12,-0.2192,0.00059728604,662.4577197562849
2024-10-12,-0.6199,0.0010078712,661.6235266906561
2024-10-12,-0.6103,0.0007219783,660.7779844405127
2024-10-12,-0.431,0.0008632691,667.2714630303644
2024-10-12,-0.1446,0.0007088039,660.1371683199804
2024-10-12,-0.8263,0.00045135326,660.3884360280339
2024-10-12,-0.1713,0.0005594438,662.39191265472
2024-10-12,0.1612,0.0005733016,660.4866748584875
2024-10-12,0.0906,0.00055566424,661.6696203519004
2024-10-12,0.0936,0.0007117608,659.9902591764744
2024-10-12,-0.5608,0.00071077945,659.9791205407189
2024-10-12,0.124,0.0006570538,661.2934878779304
2024-10-12,-0.0831,0.0005578034,661.5980041504265
2024-10-12,-0.5671,0.00036992328,662.6385267268023
2024-10-12,-0.0622,0.00053984206,659.5078550095506
2024-10-12,-0.4951,0.00061215344,661.195032629843
2024-10-12,-1.2942,0.0006500054,667.5019047040443
2024-10-12,-0.5917,0.0006645042,661.073045711267
2024-10-12,0.2947,0.00082840404,663.3518252088068
2024-10-12,-0.8864,0.0008694155,662.9807218316537
2024-10-12,-0.4757,0.0009892985,660.1728583859826
2024-10-12,0.1024,0.00096057437,659.6620548562341
2024-10-12,-0.7825,0.0011028916,661.2049814435361
2024-10-12,-0.7887,0.000859495,661.1783831644839
2024-10-12,-1.2235,0.00086266414,660.832363108914
2024-10-12,-0.4182,0.0006415609,661.2873206012113
2024-10-12,0.6526,0.0010669654,661.1851143807933
2024-10-12,-0.68,0.0007597231,660.4803758873326
2024-10-12,-0.3935,0.0007469956,660.1643704564943
2024-10-12,0.0402,0.0011758007,660.374021459176
2024-10-12,-0.0895,0.0010698531,660.2227289071066
2024-10-12,-0.1746,0.0014565318,659.5543598011219
2024-10-12,-0.7556,0.0014182891,660.3172788191686
2024-10-12,-0.9406,0.0012179699,660.5123664168244
2024-10-12,-0.2101,0.0012002372,660.0380020244753
2024-10-12,0.0737,0.0011699599,661.8673048431134
2024-10-12,-0.13,0.0014027762,661.2433366261785
2024-10-12,-0.2154,0.0012465746,662.0651368295798
2024-10-12,-0.6439,0.0011178979,661.029653930123
2024-10-12,-1.0036,0.0008848982,668.2634247808448
2024-10-12,0.4308,0.0012374183,661.5551826955452
2024-10-12,-1.0278,0.0008342314,660.4086644257306
2024-10-12,0.6864,0.000544976,663.3220653440535
2024-10-12,-0.4041,0.00042312138,660.5580105865887
2024-10-12,-0.62,0.0006440428,660.417493395354
2024-10-12,-0.5155,0.00064136594,669.5694981532475
2024-10-12,0.4183,0.0006249657,659.7228760594512
2024-10-12,0.2438,0.0005540906,660.3835693085464
2024-10-12,-0.7548,0.00045853635,663.9683666108533
2024-10-12,-0.1158,0.00055864424,660.4139158442467
2024-10-12,-0.6031,0.0005605108,664.3115945873335
2024-10-12,-0.5449,0.000821221,660.7031770508202
2024-10-12,0.0593,0.0005417714,659.4967318940901
2024-10-12,-0.4757,0.00078111346,661.3249128611301
2024-10-12,-0.2366,0.00077223,659.832760588678
2024-10-12,-0.9478,0.00055437104,661.177256312036
2024-10-12,0.2767,0.0004430439,659.7475771484662
2024-10-12,-1.5168,0.00070930657,661.6330297164457
2024-10-12,-0.3631,0.0009626491,660.4670159794764
2024-10-12,-1.6482,0.0007610208,663.1590895702383
2024-10-12,-1.3911,0.0009704263,667.678904507832
2024-10-12,-0.1318,0.0007048279,660.393857136804
2024-10-12,-0.0528,0.0006668328,661.3322033976094
2024-10-12,-0.4478,0.0005062039,661.7327323969091
2024-10-12,-0.3325,0.0006540186,659.7859086353494
2024-10-12,-0.6762,0.00083483,659.9927529653885
2024-10-12,0.5236,0.0008192246,661.2973380443318
2024-10-12,0.0274,0.0009912748,662.1959634281534
2024-10-12,-0.5002,0.0007364971,661.8348991259265
2024-10-12,-2.2006,0.0008655408,664.0639433313752
2024-10-12,-1.759,0.0006599377,673.3927216604213
2024-10-12,-0.4779,0.0005536281,662.1768594718724
2024-10-12,0.219,0.00036776654,661.9449871131447
2024-10-12,0.4326,0.00019149849,661.2692609729893
2024-10-12,-0.9369,0.00025979884,663.407068840568
2024-10-12,0.07,0.0002633503,660.5186534997347
2024-10-12,-0.1399,0.00012232245,659.7015752196208
2024-10-12,-0.4659,5.8397305e-05,659.77500079563
2024-10-12,-0.0259,6.0392253e-05,660.6484551780776
2024-10-12,-0.9434,6.697686e-05,661.3624017947568
2024-10-12,-0.0363,6.0767856e-05,662.7617390530404
2024-10-12,-0.9847,6.906548e-05,661.3283399851194
2024-10-12,-0.4425,7.21948e-05,661.0632286503644
2024-10-12,-0.5869,7.951644e-05,661.0514421905525
2024-10-12,-0.5512,9.000408e-05,660.6832286235017
2024-10-12,-1.0182,5.9495484e-05,660.5081223844898
2024-10-12,-1.6169,5.941099e-05,661.7613924203768
2024-10-12,-0.4536,7.02387e-05,659.7284565792178
2024-10-12,-0.2233,5.989308e-05,660.8393245819805
2024-10-12,0.2609,8.8360706e-05,659.7355890389474
2024-10-12,-0.948,7.148748e-05,660.9433719002448
2024-10-12,-0.4903,7.971963e-05,659.7725260795605
2024-10-12,-1.0808,5.7956906e-05,662.9444260226809
2024-10-12,-0.2935,0.00011407777,661.0556225953651
2024-10-12,-1.2423,8.7418666e-05,663.8158233223562
2024-10-12,-1.2585,0.00013038852,660.7917627209204
2024-10-12,-1.3133,8.935354e-05,661.861541140034
2024-10-12,-0.8205,8.40463e-05,660.2038403341762
2024-10-12,-1.0578,0.00047793778,660.8993258033217
2024-10-12,-1.7395,0.00034182594,662.2766999438869
2024-10-12,-2.1133,0.00017599492,662.5215619180409
2024-10-12,-1.0866,9.6520576e-05,662.1535961193852
2024-10-12,-0.594,7.5836404e-05,662.0542169316622
2024-10-12,-2.3669,3.8489172e-05,663.7100082081063
2024-10-12,-0.548,9.4978794e-05,660.2717278286216
2024-10-12,-0.0691,9.134529e-05,659.489420550927
2024-10-12,0.4557,3.7049333e-05,659.814551575914
2024-10-12,-0.6949,3.525122e-05,662.7761190018034
2024-10-12,-0.6745,5.8688234e-05,663.7168981599817
2024-10-12,-0.1358,7.0150505e-05,659.8470397904059
2024-10-12,0.6226,4.1168e-05,660.5839506218272
2024-10-12,-0.8836,6.104109e-05,660.3236395687916
2024-10-12,-0.3071,0.00034452518,663.541053961159
2024-10-12,-0.1855,0.00022615062,659.9586636981929
2024-10-12,-0.6851,0.00016383131,660.1801138424378
2024-10-12,0.101,9.835854e-05,659.5682438062647
2024-10-12,0.306,8.662021e-05,662.0934231928895
2024-10-12,-1.595,4.988669e-05,668.2457897809984
2024-10-12,-1.5629,4.382806e-05,661.5472375376191
2024-10-12,-1.4524,4.7760044e-05,662.8409345153841
2024-10-12,-0.1134,7.130396e-05,661.7589722825447
2024-10-12,-1.2744,0.0007192721,663.0300851675078
2024-10-12,1.4396,0.00059433415,662.0041927316981
2024-10-12,1.5433,0.00084274524,661.8061151573191
2024-10-12,1.2054,0.00098842,661.0341194947142
2024-10-12,2.2662,0.00086358073,663.4730859582645
2024-10-12,1.8006,0.00076110236,662.9786025938979
2024-10-12,1.5764,0.0006819446,661.5130853879092
2024-10-12,1.1611,0.0009973634,662.9891462938398
2024-10-12,1.6218,0.0012430486,662.2514470977208
2024-10-12,2.2177,0.001525739,664.2481200203017
2024-10-12,1.5594,0.0015170625,661.929000884254
2024-10-12,1.1226,0.0012130684,664.7433125794122
2024-10-12,1.7999,0.0012314523,668.9165312540979
2024-10-12,1.5316,0.0009082629,662.7185446796449
2024-10-12,2.1515,0.0007731126,663.1071186416343
2024-10-12,-0.7874,0.0005419293,660.617558791693
2024-10-12,-0.4377,0.00055693346,661.4619089725886
2024-10-12,-1.5857,0.0006046473,661.4748144201776
2024-10-12,1.0423,0.00041902368,661.3032635358034
2024-10-12,-0.3489,0.0003796752,663.0178531300357
2024-10-12,-0.8988,0.00024772595,661.1031790400009
2024-10-12,1.3339,0.00033917857,661.2679135278133
2024-10-12,1.691,0.00023550568,661.7629909490313
2024-10-12,1.3086,0.00031958614,662.0092258841055
2024-10-12,3.181,0.00037568674,665.7833701429778
2024-10-12,1.671,0.00041591452,663.8159505293883
2024-10-12,-0.4907,0.00076396146,662.3401273367422
2024-10-12,1.2143,0.000723213,662.0071665058825
2024-10-12,2.1158,0.0007032075,663.4853869625493
2024-10-12,1.0611,0.0005329675,660.6116544796129
2024-10-12,1.5792,0.0005234436,663.4307369870811
2024-10-12,-1.0278,0.0003442156,660.5955843119332
2024-10-12,-0.8423,0.0005272934,660.4095409784657
2024-10-12,-0.5014,0.0004917628,660.8664227649847
2024-10-12,-1.516,0.00066376175,662.9240654775724
2024-10-12,-0.4824,0.0006878201,660.6059792211117
2024-10-12,-0.8586,0.00063047354,670.4179364108569
2024-10-12,-1.7638,0.00085627986,664.9896174253661
2024-10-12,-1.3944,0.0008677219,661.0282619349946
2024-10-12,-0.4034,0.0010887525,660.2071184037785
2024-10-12,-0.0578,0.0010726625,661.3919260643128
2024-10-12,-0.1454,0.00071615947,664.4305447880025
2024-10-12,-0.2723,0.00071340916,660.1688377252772
2024-10-12,-1.4263,0.0006575924,661.16234242887
2024-10-12,-1.3771,0.0005604284,663.1561242298288
2024-10-12,-0.1435,0.00048494985,659.6379675823971
2024-10-12,-1.4677,0.00068291783,661.5986956172767
2024-10-12,-1.2862,0.00051713135,662.6178043457192
2024-10-12,-1.2999,0.0005386552,662.0738405030736
2024-10-12,-0.3025,0.00036723347,660.1039115948518
2024-10-12,-0.8936,0.0004245871,660.3780293896448
2024-10-12,-0.5868,0.00045940606,662.6214825148226
2024-10-12,-0.2105,0.0005227241,659.5092529563441
2024-10-12,-0.9413,0.0008474763,660.6428355098881
2024-10-12,-1.2149,0.0009445497,663.6056708820246
2024-10-12,-0.0348,0.00089742575,659.8075174268715
2024-10-12,0.0075,0.00094033056,659.728512485982
2024-10-12,-1.0761,0.00068449206,660.7964826731356
2024-10-12,-1.2264,0.0005144547,664.5358668913553
2024-10-12,-0.7107,0.0004546948,659.9951246361454
2024-10-12,-1.5197,0.0006661993,663.1425003087279
2024-10-12,-1.4877,0.00072116224,663.5337755463302
2024-10-12,-0.8913,0.0008048794,663.6987265240984
2024-10-12,-1.1595,0.0006911617,660.7696901301196
2024-10-12,0.3331,0.0006453471,660.5570801321217
2024-10-12,-0.2871,0.00074781146,659.6559377279627
2024-10-12,-0.8681,0.0010210885,660.7568853454516
2024-10-12,-0.6644,0.001025095,660.7870368043912
2024-10-12,-0.6032,0.00093543774,661.5495101670399
2024-10-12,-0.4283,0.0011800736,660.7984081950931
2024-10-12,-1.4612,0.0012170566,664.8671273169268
2024-10-12,-0.3158,0.0012002144,660.9252106504935
2024-10-12,-1.2128,0.00094151014,660.9775192273436
2024-10-12,-0.6808,0.00074933225,662.4287715671522
2024-10-12,-1.5299,0.00080436026,662.7223418892861
2024-10-12,-1.3605,0.00066310674,661.0829617392232
2024-10-12,-1.5965,0.0009951113,662.9691220749977
2024-10-12,-1.0719,0.00092089706,660.6370096097257
2024-10-12,-1.0064,0.0007702188,660.6862110961906
2024-10-12,-0.6736,0.0007287645,660.9691258005166
2024-10-12,-0.92,0.0009062248,660.2527477724038
2024-10-12,-1.3449,0.0007570136,661.4422307768541
2024-10-12,-1.0615,0.00068463053,660.9306371497405
2024-10-12,-0.9318,0.00071417,660.3617033997155
2024-10-12,-0.6534,0.00056076184,661.1388781264543
2024-10-12,-0.3788,0.0006303075,661.2807108585455
2024-10-12,-0.9549,0.0004963367,663.2993583926906
2024-10-12,-1.2831,0.0005193528,661.4607933169241
2024-10-12,-1.388,0.00042487588,664.4625790935563
2024-10-12,-0.2332,0.0005646056,661.4967714569981
2024-10-12,-1.1021,0.00044625072,663.8211743897735
2024-10-12,-0.8533,0.00038278438,660.442708550578
2024-10-12,-1.2665,0.00039108677,660.972247655869
2024-10-12,-1.7099,0.00045886383,663.1927414559038
2024-10-12,0.7186,0.00056819536,660.428179056034
2024-10-12,1.8971,0.00059408904,662.0498814758844
2024-10-12,1.6365,0.0007857975,663.7569244053947
2024-10-12,1.6731,0.00083126745,661.6730127942992
2024-10-12,1.1192,0.0007066338,660.7984952178906
2024-10-12,1.5881,0.0005872681,661.7268675600031
2024-10-12,1.4635,0.00046749035,661.8204732905605
2024-10-12,1.9516,0.00052127725,667.259810034056
2024-10-12,1.4203,0.00050237693,661.7156821501708
2024-10-12,1.165,0.00050227577,660.9225302521872
2024-10-12,1.207,0.0005840726,660.7516748259474
2024-10-12,1.283,0.0006824999,660.9340096296188
2024-10-12,1.3998,0.00063056237,661.5018931107261
2024-10-12,1.1461,0.00082127977,663.8164608060349
2024-10-12,-1.1192,0.00081892184,667.903628421017
2024-10-12,1.5718,0.0007325281,663.5169494899279
2024-10-12,-0.9532,0.0006088408,662.6794786735718
2024-10-12,1.6046,0.0006925685,661.4897536833016
2024-10-12,1.5913,0.00083428586,663.100214701033
2024-10-12,1.6251,0.0008908899,662.1007313842842
2024-10-12,0.2591,0.00088476716,659.5919867307384
2024-10-12,-0.7383,0.0009238191,661.2388584297879
2024-10-12,1.8769,0.0012220698,663.7047445638736
2024-10-12,1.1535,0.0012724939,661.4349126113165
2024-10-12,1.0323,0.0011458634,663.69306158781
2024-10-12,1.8389,0.00096969085,662.896741639723
2024-10-12,2.1305,0.001029603,663.0740869786245
2024-10-12,1.1849,0.0010857899,660.7285960864469
2024-10-12,2.3344,0.0010202697,666.8416351511459
2024-10-12,1.3467,0.0008881718,661.5524067498147
2024-10-12,1.175,0.00092848315,662.8978728481258
2024-10-12,1.8391,0.0007815796,665.3891217222592
2024-10-12,2.0344,0.0011934653,663.6471968587587
2024-10-12,0.6735,0.0011183491,660.3351661905216
2024-10-12,1.6123,0.0010611437,664.1730860895145
2024-10-12,1.7325,0.0007982458,662.3806724049873
2024-10-12,1.2924,0.0007946756,663.9399792156097
2024-10-12,1.5874,0.000936003,661.3653897056088
2024-10-12,1.9717,0.0011065559,662.2816115141106
2024-10-12,-1.4781,0.00087927177,661.659202935999
2024-10-12,0.799,0.0007311609,660.195463858041
2024-10-12,1.4789,0.0004726671,663.1043749784158
2024-10-12,1.081,0.00066395843,660.7713362423397
2024-10-12,2.0003,0.0005137217,663.1292192325718
2024-10-12,0.7899,0.0010067242,660.1305488077646
2024-10-12,1.5212,0.0006983351,663.781022145582
2024-10-12,2.7046,0.0010023057,666.9611840607249
2024-10-12,-1.2104,0.0005828085,662.1147362647803
2024-10-12,1.7791,0.00062964734,663.585079866666
2024-10-12,1.9916,0.00051720557,664.163414234353
2024-10-12,1.2683,0.0004276171,661.5196752010579
2024-10-12,-1.0408,0.0004963345,661.0031473346913
2024-10-12,0.516,0.0005544886,661.8034364579082
2024-10-12,2.1261,0.00069517473,662.6260947999992
2024-10-12,1.5596,0.00077980146,662.1281028777796
2024-10-12,1.1937,0.0007294894,662.1604507785985
2024-10-12,-0.2492,0.0007981727,661.232070300062
2024-10-12,-0.9178,0.00082159805,667.1333497642444
2024-10-12,2.2808,0.00074843824,663.4455098995525
2024-10-12,1.9493,0.0006106805,662.9659536844929
2024-10-12,1.2773,0.0007389086,661.3085980679957
2024-10-12,1.6772,0.00068681623,664.0059220211251
2024-10-12,1.6633,0.00072061765,663.7406948995953
2024-10-12,1.5109,0.00068293436,662.5473334164353
2024-10-12,1.1661,0.0005760553,660.6907297485443
2024-10-12,0.4658,0.00056851696,660.7654751952575
2024-10-12,0.7582,0.00052026,661.6062399397626
2024-10-12,1.5626,0.0004274891,664.7782513843298
2024-10-12,-0.496,0.0004277656,666.9229011213484
2024-10-12,1.3009,0.0003981001,661.0200253482503
2024-10-12,-0.2613,0.0004802091,659.8791581345793
2024-10-12,1.9908,0.00045817092,662.6862229610748
2024-10-12,1.8192,0.0004843526,667.3434691870472
2024-10-12,1.3186,0.00054828974,662.8106421540607
2024-10-12,-0.0236,0.0005437062,659.3845284305028
2024-10-12,1.4028,0.0007926892,661.4496485126831
2024-10-12,0.9488,0.0008737678,660.5734843132644
2024-10-12,0.9456,0.001091264,661.7868322483496
2024-10-12,1.0109,0.0011983314,662.6567043908749
2024-10-12,1.2644,0.0010749032,662.2627737913917
2024-10-12,1.083,0.0013578982,661.0272133305958
2024-10-12,-0.3374,0.001259774,661.032274871952
2024-10-12,1.4707,0.0012737295,661.757105650556
2024-10-12,1.539,0.0011516133,661.3144128417684
2024-10-12,1.427,0.0008779114,661.1127283061953
2024-10-12,0.8146,0.00093395944,660.2684705425631
2024-10-12,1.9675,0.0009210399,663.1040089390127
2024-10-12,1.4644,0.0012981993,665.26805364901
2024-10-12,2.094,0.0009779648,664.0698767830825
2024-10-12,1.5983,0.0012457387,663.5106462034914
2024-10-12,-1.3779,0.0010760286,661.0002285770422
2024-10-12,-1.4473,0.0011358497,662.3633840669706
2024-10-12,0.6177,0.0011626448,661.1835679845094
2024-10-12,1.4709,0.0010402112,662.7061602754512
2024-10-12,1.3693,0.001018791,662.8444226186313
2024-10-12,1.7181,0.0007762601,661.7916809482414
2024-10-12,2.0556,0.0010420238,665.2335801676131
2024-10-12,1.9194,0.0010030991,664.1908534276536
2024-10-12,1.3054,0.0007424565,661.5026961406847
2024-10-12,1.3874,0.00069288217,661.6337114961691
2024-10-12,3.0644,0.00072635885,665.3713370353478
2024-10-12,1.4274,0.00078387244,663.1909435261164
2024-10-12,0.9198,0.00074819586,660.8533315831293
2024-10-12,1.8673,0.0013827744,662.7255571475946
2024-10-12,1.1462,0.0012468226,661.348872554887
2024-10-12,1.6556,0.0014013561,662.5916512407297
2024-10-12,1.6462,0.0010602063,662.024512515789
2024-10-12,-1.997,0.00094398175,663.6831416508799
2024-10-12,2.3405,0.0010930535,663.274276973212
2024-10-12,1.9861,0.0011571,664.1399254454578
2024-10-12,1.6496,0.0010816468,662.6455945629295
2024-10-12,2.1041,0.00090368156,665.6547754942914
2024-10-12,1.5695,0.000777878,661.3152453795188
2024-10-12,0.9048,0.00056663714,662.7764227764301
2024-10-12,1.2624,0.00052760134,661.1951761951124
2024-10-12,-1.9785,0.00047374144,662.2656745960476
2024-10-12,1.2437,0.00047825172,661.727523288748
2024-10-12,0.6345,0.0006768131,662.3873690204821
2024-10-12,0.7973,0.000706752,661.4458207632199
2024-10-12,-0.8557,0.0007633873,663.4621698349945
2024-10-12,2.1888,0.0006413062,663.588544192656
2024-10-12,1.0993,0.00056692923,660.7352504093851
2024-10-12,1.8413,0.0006015287,662.6275733656416
2024-10-12,1.5414,0.0006410078,662.1767230266211
2024-10-12,0.2071,0.0010670882,662.2766545644746
2024-10-12,-0.9851,0.001157422,660.60694023612
2024-10-12,0.3397,0.0008252942,667.8981159831264
2024-10-12,1.8181,0.0007195141,663.9818113774783
2024-10-12,0.9036,0.000695525,661.0657512696475
2024-10-12,1.4655,0.0005765937,662.6996300138678
2024-10-12,1.6097,0.0005249749,663.0725108792326
2024-10-12,0.8086,0.0005407959,660.3103460635591
2024-10-12,1.6388,0.00047491008,662.1027910372528
2024-10-12,1.6562,0.0007218612,662.0191062392331
2024-10-12,2.3193,0.00052809727,666.0906481622479
2024-10-12,-0.0426,0.00047479098,659.5497057769076
2024-10-12,-0.6132,0.00031860374,663.7996149759454
2024-10-12,-0.647,0.00029967583,659.9671258714086
2024-10-12,-0.7006,0.00041400225,661.7092043415951
2024-10-12,-0.2872,0.00042814887,661.7407375490677
2024-10-12,-1.0845,0.0005151847,661.3730788613248
2024-10-12,-0.6509,0.00040976828,666.0372043402303
2024-10-12,-0.4601,0.0006249851,663.316073019758
2024-10-12,-0.8328,0.00051771605,661.0826033576295
2024-10-12,-0.934,0.00055253203,660.3802053807343
2024-10-12,-0.4514,0.0006777957,660.4187666911221
2024-10-12,-1.9151,0.0005962785,662.6762486936775
2024-10-12,-0.1725,0.0008601995,663.5543892672285
2024-10-12,-0.0797,0.0007919378,662.4796575955654
2024-10-12,-1.7145,0.00056304625,662.0455110002574
2024-10-12,-0.3741,0.00045990787,660.476544955879
2024-10-12,-0.1802,0.0005389748,660.7433964731262
2024-10-12,-0.5485,0.00076427305,659.8344855292595
2024-10-12,-0.6567,0.0005811083,666.441516323031
2024-10-12,-0.55,0.0007057193,660.0365936477365
2024-10-12,0.638,0.00059576397,660.4744542382966
2024-10-12,-1.3734,0.000681742,661.8135712030185
2024-10-12,-0.2276,0.00059154193,659.6358921913036
2024-10-12,-0.7396,0.0006955681,660.7847575409553
2024-10-12,-0.2603,0.0009993694,663.0898037889785
2024-10-12,-0.3765,0.0012368342,659.8910314069471
2024-10-12,-0.527,0.0010190995,660.607168860016
2024-10-12,-1.1699,0.0009251819,660.6275689505873
2024-10-12,0.1172,0.00090034754,659.651655064316
2024-10-12,-0.4626,0.0006711933,659.7815924083761
2024-10-12,0.4704,0.00037556846,660.9180333950055
2024-10-12,-0.8465,0.00030044123,660.3446209268943
2024-10-12,-0.092,0.00013829244,659.472879755738
2024-10-12,-0.4131,0.00012886482,662.8090021459054
2024-10-12,-0.7855,5.7480185e-05,660.4472646091901
2024-10-12,-0.6526,5.608978e-05,660.7046793947146
2024-10-12,-0.4198,4.9550912e-05,661.1771063611307
2024-10-12,-0.7549,6.174941e-05,660.387765372089
2024-10-12,-0.3344,6.912505e-05,659.7144257711187
2024-10-12,-1.3991,3.7841062e-05,662.9944034366658
2024-10-12,0.4165,5.394615e-05,660.017817876407
2024-10-12,-1.0644,7.339285e-05,661.4321258033709
2024-10-12,-1.4146,7.770018e-05,662.8165491640518
2024-10-12,-0.2825,0.0009113432,661.3042125234582
2024-10-12,0.1733,0.0008257593,660.3912596997707
2024-10-12,-0.4744,0.00082446105,660.6904723694691
2024-10-12,-0.0896,0.0008281263,660.1239464404216
2024-10-12,-0.3761,0.0006861536,660.8610670066066
2024-10-12,-0.401,0.0005578621,660.2046393693254
2024-10-12,-0.768,0.00029899142,660.1540141042319
2024-10-12,-0.2265,0.00016535122,660.1308850340458
2024-10-12,-0.9157,0.00013770358,660.5958028702375
2024-10-12,-0.5069,0.0001765319,661.7110060202274
2024-10-12,-0.7524,0.000167252,660.3030231805768
2024-10-12,-0.213,0.00018315189,661.3404270454912
2024-10-12,-1.0482,0.00021583193,662.683089983819
2024-10-12,-0.7118,0.000276383,663.0227595602562
2024-10-12,-0.412,0.00029812419,660.743817644166
2024-10-12,-1.0747,0.00041689465,661.0751968960338
2024-10-12,-1.4504,6.769365e-05,678.5524925535469
2024-10-12,-1.457,6.298425e-05,662.9011824039369
2024-10-12,-1.1513,6.0064373e-05,660.578118782266
2024-10-12,-1.1352,6.241689e-05,661.769380247787
2024-10-12,0.2767,7.132381e-05,660.1959616323745
2024-10-12,-1.7298,0.000119773584,661.6158240464944
2024-10-12,-0.5765,9.741753e-05,660.336246236202
2024-10-12,-0.7396,0.00010080047,660.7932901040876
2024-10-12,-0.3327,0.0001006178,663.1573647230305
2024-10-12,-1.7967,5.4693468e-05,668.3816738184892
2024-10-12,-0.9606,5.7161807e-05,661.0787283299971
2024-10-12,-1.5693,0.001410825,662.0689259677258
2024-10-12,-0.3717,0.0015164822,660.0821891344613
2024-10-12,-0.8005,0.0016177524,661.5196402411054
2024-10-12,-0.7612,0.0013329993,660.7230660895801
2024-10-12,-0.8245,0.000985244,660.8490358693404
2024-10-12,-0.5706,0.00094680703,662.5726681142711
2024-10-12,-0.6619,0.00074789877,666.2449952850006
2024-10-12,-0.5736,0.001014225,663.0762482899445
2024-10-12,-1.8275,0.0010129111,665.183544661876
2024-10-12,-0.4406,0.0009706282,660.0396991344924
2024-10-12,-0.4414,0.00069594575,661.67744969957
2024-10-12,-1.747,0.0007143524,663.0595638994338
2024-10-12,-1.0807,0.0006961261,661.2047057760133
2024-10-12,-1.1486,0.0005423209,663.4058634665762
2024-10-12,-0.7073,0.0005634878,660.6207694573966
2024-10-12,0.155,0.0005756565,660.4808768048874
2024-10-12,-0.4005,0.00085806864,661.5118487055565
2024-10-12,-0.9154,0.00077527534,663.6523080294953
2024-10-12,-0.8647,0.00058568123,662.7028898613501
2024-10-12,-0.884,0.00073233066,661.057231317961
2024-10-12,-0.1767,0.0006177118,659.6604033761565
2024-10-12,-1.3836,0.00063001073,661.6317871072822
2024-10-12,0.0595,0.00041413048,660.3371579815527
2024-10-12,-0.7534,0.00041513698,660.6110418146177
2024-10-12,-1.241,0.00049366354,661.8374107833226
2024-10-12,-0.0471,0.00049209816,660.4729770640488
2024-10-12,-0.3469,0.00075043034,660.2513471133617
2024-10-12,-0.7894,0.000699877,660.2862177690683
2024-10-12,-1.1845,0.0007370536,660.7251252245785
2024-10-12,-0.4892,0.0009916588,660.0217976074533
2024-10-12,-1.7246,0.0010115035,663.1873434130596
2024-10-12,-0.3972,0.0016118408,661.3476093463759
2024-10-12,-0.9547,0.0015812841,660.3370848586733
2024-10-12,-1.8846,0.0013898669,665.2683286448566
2024-10-12,-1.1257,0.0012522526,660.665304698105
2024-10-12,-0.4524,0.001074116,660.6512821571622
2024-10-12,-0.4636,0.001362858,659.8792612644532
2024-10-12,-0.771,0.0011030036,660.3408165909005
2024-10-12,-1.082,0.0014544345,661.3473028893955
2024-10-12,-0.3416,0.0013459196,659.7259192908905
2024-10-12,-1.0759,0.0014329316,661.02153315076
2024-10-12,-0.015,0.0013273538,659.8409635245131
2024-10-12,-0.8835,0.0012196306,661.6276106729497
2024-10-12,-0.994,0.0010386839,660.4469614296208
2024-10-12,-1.3403,0.0013310532,662.2761214206017
2024-10-12,-1.3304,0.0011668294,660.955626983349
2024-10-12,-0.9816,0.0015540242,663.8141089370304
2024-10-12,-0.1729,0.0012208945,659.6846975922183
2024-10-12,-0.5771,0.001077156,661.09615818932
2024-10-12,0.3216,0.00077766326,662.8531115677092
2024-10-12,-0.3786,0.0006255495,664.5757409385369
2024-10-12,-0.5226,0.0008112296,660.8773759566104
2024-10-12,-0.8354,0.00069158274,661.2886957001548
2024-10-12,-1.3339,0.0007553621,660.9112516030518
2024-10-12,-0.8801,0.00056309416,660.3566148371233
2024-10-12,-0.8051,0.0007558408,663.5319169454293
2024-10-12,-1.0362,0.00075416703,660.7751249484178
2024-10-12,-0.5469,0.0010019413,660.4168510396182
2024-10-12,-0.2322,0.0008269844,659.7088596103764
2024-10-12,-0.5145,0.00090510293,663.1993829684509
2024-10-12,-0.5641,0.00081873045,660.7127760648917
2024-10-12,-0.9501,0.0011339221,665.0129876701228
2024-10-12,-0.2732,0.0011669813,659.8587379679358
2024-10-12,-1.1367,0.00067944947,661.0202680637302
2024-10-12,-1.2772,0.000568435,661.1525147848215
2024-10-12,-0.754,0.00045809738,661.2983293669349
2024-10-12,-0.9545,0.00041429335,660.9734656415308
2024-10-12,-0.3514,0.00034128132,659.8981186868374
2024-10-12,-0.1687,0.00038144502,660.0725239804158
2024-10-12,-0.2599,0.0004249272,660.5018670457156
2024-10-12,-0.6116,0.00042984344,659.9941259027953
2024-10-12,-1.2774,0.00061764783,661.5738209958618
2024-10-12,-0.9949,0.00041426488,661.1961374211741
2024-10-12,-0.4906,0.0006970445,660.1541990714434
2024-10-12,-1.2306,0.0005459196,667.7393631761148
2024-10-12,-1.1259,0.001105083,660.6692282666559
2024-10-12,-0.0115,0.0012992697,659.5245668672737
2024-10-12,-0.8895,0.0013950537,660.3796720195197
2024-10-12,-0.1324,0.0012283222,660.309965729073
2024-10-12,0.6953,0.0010999572,660.1466752480816
2024-10-12,-1.1148,0.0012831234,661.363014088137
2024-10-12,0.0117,0.0014173365,660.1375802060983
2024-10-12,-1.0019,0.0013949637,660.9309679672963
2024-10-12,0.1788,0.0012439206,660.4374453983523
2024-10-12,0.038,0.0014443161,662.4415452690596
2024-10-12,0.0155,0.0015141114,659.5189285874799
2024-10-12,-0.0311,0.001847682,660.8221058483455
2024-10-12,1.1032,0.0017519658,661.4363663173419
2024-10-12,-1.195,0.001938226,662.2376267224465
2024-10-12,-1.0659,0.0014087125,669.2727397502924
2024-10-12,-0.1366,0.0014232803,660.3046292380525
2024-10-12,0.2253,0.0009778806,664.4110904962895
2024-10-12,-0.3899,0.0009262172,662.2093171561218
2024-10-12,-0.6813,0.0007232746,660.0892079082321
2024-10-12,-0.3928,0.000825873,660.3736333671825
2024-10-12,0.1764,0.0006993418,660.0634365910719
2024-10-12,0.1976,0.00094539067,659.8715568406215
2024-10-12,0.3916,0.00084120984,661.456563601338
2024-10-12,-0.8522,0.0007958587,661.8938913852826
2024-10-12,-0.3017,0.00076551497,659.83495253632
2024-10-12,-0.5383,0.0007703014,662.2175919775163
2024-10-12,-0.319,0.0010290353,660.7980324574633
2024-10-12,-1.1137,0.00083601696,660.7282112935568
2024-10-12,1.125,0.0008384682,662.0633862965614
2024-10-12,-0.4084,0.0007463225,663.2934018465576
2024-10-12,0.0552,0.00072999654,660.2919457713678
2024-10-12,0.2416,0.00066899764,663.4420885293789
2024-10-12,-1.4854,0.0006208345,665.938662590819
2024-10-12,-0.5691,0.0007949607,660.8325257932643
2024-10-12,0.7774,0.00097459275,663.1131197592185
2024-10-12,-0.4508,0.0009899563,660.227672848373
2024-10-12,-0.8453,0.00092963834,663.1232811978207
2024-10-12,-0.1448,0.00078360754,659.7112727217757
2024-10-12,0.2948,0.00075224304,660.8299735654824
2024-10-12,-0.1264,0.0003629925,661.5540304263607
2024-10-12,-0.7507,0.00041849664,661.0702690079638
2024-10-12,-0.6648,0.00030712012,660.1841977012248
2024-10-12,0.4989,0.0002091088,661.217890593032
2024-10-12,0.1426,0.00011897242,663.6141248849922
2024-10-12,0.348,0.0001004702,661.1716335793132
2024-10-12,-0.4352,7.208811e-05,661.8178229918693
2024-10-12,0.2321,7.9143116e-05,660.6133863016469
2024-10-12,-0.2255,7.882062e-05,659.6588890089549
2024-10-12,0.1613,8.5542335e-05,660.4765735933142
2024-10-12,-0.2941,9.085758e-05,661.7072237722151
2024-10-12,-1.3392,9.035841e-05,661.126511875161
2024-10-12,-0.5921,9.839296e-05,660.936597241209
2024-10-12,-0.8544,0.00015293038,660.4396310867512
2024-10-12,-1.4646,0.000110546345,663.8978151775127
2024-10-12,-0.4145,9.215637e-05,662.1650424893488
2024-10-12,-1.0509,0.00010557429,660.7424768298365
2024-10-12,-0.7801,0.0008003029,660.651723312065
2024-10-12,-0.2474,0.00016515968,661.2088457188092
2024-10-12,0.3949,0.000117097145,660.5914214758972
2024-10-12,0.2092,0.00014504438,661.7528740764274
2024-10-12,-1.0201,0.00019847493,661.272050634045
2024-10-12,0.3344,0.0004898666,660.796235916704
2024-10-12,-0.0544,0.0006561757,664.9724916729747
2024-10-12,-0.5141,0.0005036911,660.5460089279061
2024-10-12,-0.5107,0.00049049937,661.2879473557518
2024-10-12,0.2748,0.0007604331,662.0498041874505
2024-10-12,0.4477,0.0005102492,661.9007754971113
2024-10-12,-0.4657,0.00062849076,662.1824932268933
2024-10-12,-0.5201,0.00079159683,660.8108669524656
2024-10-12,-0.8986,0.0006685188,662.1719691741438
2024-10-12,-0.6941,0.0007445921,660.3129296214796
2024-10-12,-0.9161,0.00084213505,661.0633495194807
2024-10-12,-0.6715,0.0008111734,668.0187319844738
2024-10-12,-1.4261,0.0009819234,661.411609105185
2024-10-12,-1.3388,0.0011639828,661.3769071191552
2024-10-12,-1.4667,0.00089811126,664.5986920218672
2024-10-12,-1.2527,0.0005290704,665.875611919499
2024-10-12,-0.7858,0.0005533687,660.1816417688923
2024-10-12,-1.1412,0.00039101936,660.9195981942645
2024-10-12,-0.6412,0.000584602,660.5827464215475
2024-10-12,-1.3946,0.0007300436,664.6963939776801
2024-10-12,-0.8836,0.00069505605,665.0742072751875
2024-10-12,-0.5471,0.0007413654,661.243052067771
2024-10-12,-1.4664,0.0005317798,661.7724452936386
2024-10-12,-1.0356,0.00044781587,664.4809126016025
2024-10-12,-0.2388,0.00030187186,661.46174368327
2024-10-12,0.4207,0.00019496685,660.2357593417335
2024-10-12,-0.8595,0.00015242564,660.515726530296
2024-10-12,0.116,8.14813e-05,660.2014547764434
2024-10-12,-0.0031,8.779335e-05,659.6273123713632
2024-10-12,-0.9904,7.122054e-05,660.7154281002588
2024-10-12,-0.2819,9.275341e-05,660.5474058094537
2024-10-12,-0.4828,9.485621e-05,660.5135121700305
2024-10-12,0.1641,0.00010593993,660.4564695343755
2024-10-12,0.1933,8.38381e-05,659.8353113191403
2024-10-12,-0.2541,0.000102191865,660.1603920276914
2024-10-12,-0.3127,8.015723e-05,660.3306291725696
2024-10-12,0.14,3.8816554e-05,661.5558508736907
2024-10-12,0.9181,0.00026189227,663.7750628607641
2024-10-12,-1.1287,0.00041008886,664.445338643098
2024-10-12,0.5867,0.00032878076,660.2443595864254
2024-10-12,0.7468,0.00028347783,660.4316918164877
2024-10-12,1.7309,0.00023512125,663.6926026707297
2024-10-12,0.9154,0.00035482328,662.5665929487697
2024-10-12,1.3371,0.00043881926,661.3347495733194
2024-10-12,1.7379,0.00039502134,662.5947373670897
2024-10-12,1.8782,0.0005136306,663.3543003962111
2024-10-12,-0.7929,0.000499292,663.0481773128715
2024-10-12,1.3636,0.0007793792,662.1755996582124
2024-10-12,0.016,0.00047709304,659.9893068032937
2024-10-12,1.3749,0.0004977155,661.5049846339997
2024-10-12,1.2125,0.00057582755,662.933795625129
2024-10-12,1.9167,0.0004434113,664.7747892322675
2024-10-12,1.0931,0.0003408305,660.7747808621039
2024-10-12,1.0097,0.00029194736,661.7047414492124
2024-10-12,1.0103,0.00021418245,662.0388973869982
2024-10-12,0.9765,0.0001818953,660.7045137151244
2024-10-12,-1.7786,0.00016275332,661.9395583478981
2024-10-12,1.4095,0.00014542713,661.2500283015829
2024-10-12,1.5402,0.00013758118,661.8412450078273
2024-10-12,1.7639,0.00012847091,661.7531247755546
2024-10-12,1.1477,0.00010099595,661.3125688777579
2024-10-12,2.0671,0.00011649691,663.288444559938
2024-10-12,1.4391,0.0001318399,661.7525101022559
2024-10-12,0.9163,0.00014168254,660.2898915840173
2024-10-12,0.1755,0.00011672255,660.3291004195614
2024-10-12,0.5373,0.00016651124,661.282178684982
2024-10-12,-0.4473,4.6333156e-05,659.785685296075
2024-10-12,-0.4587,6.6753375e-05,662.5042891359417
2024-10-12,-0.8386,9.112069e-05,662.3204231429257
2024-10-12,-2.139,0.00015162904,666.0465844367508
2024-10-12,-1.3806,0.00019375031,661.5032062683044
2024-10-12,-1.3221,0.00013621374,661.0251950166253
2024-10-12,-1.2566,0.0001380041,660.8971573555668
2024-10-12,-1.9035,7.937821e-05,662.2120069949315
2024-10-12,-1.7663,0.00021204451,665.1955855820922
2024-10-12,-0.8062,7.165232e-05,669.1413336010685
2024-10-12,-1.109,5.2050033e-05,662.3892452159273
2024-10-12,-0.6879,0.0004118582,661.113757401546
2024-10-12,-0.7011,0.00022265848,661.5423964487325
2024-10-12,-1.0565,0.00014551773,661.4147227803475
2024-10-12,-2.2046,0.000113708564,662.9465330736601
2024-10-12,-0.8512,6.57615e-05,661.2413115355455
2024-10-12,-0.4049,0.00013557007,661.9928836619758
2024-10-12,-0.836,4.4458353e-05,660.3319722499598
2024-10-12,-2.3565,4.3000702e-05,663.1768195799073
2024-10-12,-0.4903,4.9993927e-05,660.8727963706042
2024-10-12,-2.1008,3.9894094e-05,664.1164442200933
2024-10-12,-1.3297,1.8169321e-05,662.3011586222738
2024-10-12,-1.3694,3.969278e-05,668.2508552086219
2024-10-12,-1.6384,3.2991447e-05,664.2934426459935
2024-10-12,-1.9198,3.0129298e-05,663.8583216711859
2024-10-12,-0.1463,4.289268e-05,661.0380508357059
2024-10-12,-0.7386,4.1112038e-05,660.5862948451289
2024-10-12,-1.7081,0.00017630852,661.8267319902312
2024-10-12,-1.0504,5.9728038e-05,660.7183186434597
2024-10-12,-0.9498,0.0002151188,662.3841338836465
2024-10-12,-1.5699,0.00013218782,662.5780162311557
2024-10-12,-2.0949,0.0002174071,662.8145953799769
2024-10-12,-0.6748,0.00018534256,661.2272564845321
2024-10-12,-2.3293,0.000101295096,664.0267229602637
2024-10-12,-1.233,0.00019782867,660.7630360132041
2024-10-12,-1.1587,6.633489e-05,660.5795889133335
2024-10-12,-0.5698,0.00013558613,662.1966750622555
2024-10-12,-1.5843,0.00016849105,664.6952042136617
2024-10-12,-0.5083,0.00012769908,660.274569603379
2024-10-12,-0.7352,0.0001950031,660.5260128638129
2024-10-12,-0.6685,0.00010091184,660.099007646619
2024-10-12,-1.1839,0.00010121219,660.7413961228715
2024-10-12,-0.8406,0.0003248694,661.1672789633008
2024-10-12,-1.385,0.0017338262,662.5149554842624
2024-10-12,-0.9058,0.0019701323,660.8333531964851
2024-10-12,-0.9179,0.00114189,662.364270953253
2024-10-12,-0.6026,0.001686717,661.029315258568
2024-10-12,-1.947,0.0013229199,663.0430517621403
2024-10-12,-1.4226,0.0007048678,661.4139342293345
2024-10-12,-2.027,0.00034155484,664.167716208684
2024-10-12,-1.2323,0.00021267761,661.3108485045649
2024-10-12,-1.8567,0.00017936811,662.200495604316
2024-10-12,-1.774,0.00020514459,661.9079934009917
2024-10-12,-0.9968,0.00012599232,661.1612862720506
2024-10-12,-2.0357,9.8178185e-05,668.248371461272
2024-10-12,-0.2953,0.00021864292,661.2952104381927
2024-10-12,-0.3865,0.00014227004,659.8998054286096
2024-10-12,-0.5196,0.00021741963,660.4021053939404
2024-10-12,-1.0645,0.00013200656,662.354664260617
2024-10-12,-0.9827,0.0001098053,661.1711380983544
2024-10-12,-1.9924,9.774703e-05,662.234349066148
2024-10-12,-0.5481,7.643978e-05,661.5396955860024
2024-10-12,-0.9792,0.00010336775,660.4047105547361
2024-10-12,-1.1786,8.694838e-05,661.1849195414475
2024-10-12,-0.9363,4.5148867e-05,664.3341120032479
2024-10-12,-1.9333,4.510629e-05,662.5998513690363
2024-10-12,-0.994,6.540451e-05,660.991184369585
2024-10-12,-0.1282,9.508019e-05,659.6805997866243
2024-10-12,-0.723,0.00010939063,660.6284725574764
2024-10-12,-1.3505,0.000111002206,662.6376977139531
2024-10-12,-0.6023,0.0006791527,660.47560763013
2024-10-12,0.4479,0.00020430589,659.9003302863239
2024-10-12,-0.4488,0.00010075316,660.1185887898636
2024-10-12,-1.1456,0.00018749929,660.8856520432097
2024-10-12,-0.3558,0.00010924201,659.6738357887543
2024-10-12,0.2305,0.00012706063,660.1261995681066
2024-10-12,-0.7982,0.000119053846,662.5343957712561
2024-10-12,-0.5235,0.00017210726,659.9156151561266
2024-10-12,-0.2724,0.0001329779,659.8987812565822
2024-10-12,-1.1479,0.00020903612,662.0693342007663
2024-10-12,-0.9396,0.00025994456,660.6761220400181
2024-10-12,-0.8914,0.00024988718,660.7829287645112
2024-10-12,-1.2559,0.0003657615,662.7873114994175
2024-10-12,-1.8033,8.998308e-05,662.4646929608757
2024-10-12,-0.7403,0.00010911178,661.301252348936
2024-10-12,-0.9769,8.566149e-05,660.9539308341659
2024-10-12,-0.7576,0.00011320558,663.005062348326
2024-10-12,-1.0917,3.7012942e-05,660.5011761313052
2024-10-12,-0.568,5.1823055e-05,659.9114078916964
2024-10-12,-1.2252,3.627524e-05,661.0049959873497
2024-10-12,-1.3207,9.091209e-05,660.9540987574699
2024-10-12,-0.6407,6.157474e-05,660.9792349010268
2024-10-12,-0.3342,0.00010275244,660.0770941802875
2024-10-12,-2.3652,9.3869894e-05,663.8372741704948
2024-10-12,-2.6896,0.0002603934,665.1176017149232
2024-10-12,-3.0487,7.3121955e-05,665.6698840551006
2024-10-12,-2.615,4.3833756e-05,667.5278714102817
2024-10-12,-2.4187,0.00020696087,664.1650013459216
2024-10-12,-3.5452,0.00011268009,670.4654498260013
2024-10-12,-1.7912,0.00012491297,661.7144331679881
2024-10-12,-2.9962,0.00015780449,665.419650151106
2024-10-12,-2.3089,0.00012914817,664.852986759313
2024-10-12,-2.8128,0.00017095519,668.2732432174598
2024-10-12,-2.841,0.00026927225,665.4624152389712
2024-10-12,-1.268,0.00048585865,662.8176903628888
2024-10-12,-2.7598,0.0005497392,665.0548863011518
2024-10-12,-2.7856,0.000111782494,665.0556778300664
2024-10-12,-2.0006,0.0001678406,664.3934874628304
2024-10-12,-2.1316,5.9482998e-05,663.3991738868312
2024-10-12,-0.9564,6.774678e-05,661.6600110838109
2024-10-12,-2.4246,5.60484e-05,664.3499208782388
2024-10-12,-1.8665,4.561187e-05,665.4176610481678
2024-10-12,-1.1541,2.2600607e-05,662.9843582952418
2024-10-12,-2.6538,0.00015468367,664.1651549905866
2024-10-12,-1.2107,0.0001486893,661.3379168281865
2024-10-12,-3.1951,0.000110294226,667.9149547370553
2024-10-12,-2.728,7.991939e-05,664.6941905840663
2024-10-12,-2.1778,8.153535e-05,662.9356602804997
2024-10-12,-3.0003,0.00015587649,669.2406121242955
2024-10-12,-2.5656,4.5917073e-05,665.7349325123319
2024-10-12,-3.0473,7.160639e-05,666.6592281553122
2024-10-12,-2.6871,5.156804e-05,664.5417647547781
2024-10-12,-2.4427,3.849578e-05,663.4360150784065
2024-10-12,-1.1379,0.00042047165,661.0295383336344
2024-10-12,-3.0276,0.00022322201,666.4583385575835
2024-10-12,-2.5919,0.00022908277,665.1526494166703
2024-10-12,-2.2975,0.00033791058,662.8204678984418
2024-10-12,-3.0848,0.00023018249,667.2155271234933
2024-10-12,-1.9843,0.00015389992,663.312408128368
2024-10-12,-1.3802,7.9955455e-05,662.1735182473134
2024-10-12,-2.6007,0.00010187211,665.7286724369494
2024-10-12,-2.3937,0.00023356878,663.5358697326498
2024-10-12,-1.7268,0.0003078051,663.501620311865
2024-10-12,-2.2028,0.000102453756,662.6922409494914
2024-10-12,-2.253,5.28991e-05,665.7044723778183
2024-10-12,-2.1272,0.00026253163,663.3946900044973
2024-10-12,-1.0764,0.00014007078,661.3276385629911
2024-10-12,-2.4844,3.679131e-05,666.509151445191
2024-10-12,-1.5922,5.1420302e-05,662.8477533703726
2024-10-12,-2.2739,5.1812454e-05,664.6627312945608
2024-10-12,-3.2081,5.1788746e-05,666.280761966374
2024-10-12,-2.2982,3.9685834e-05,663.3306339792275
2024-10-12,-2.623,5.5121767e-05,667.2537802406285
2024-10-12,-1.8277,4.551206e-05,662.6159050968934
2024-10-12,-2.2521,5.5927667e-05,663.3812244085266
2024-10-12,-2.8398,4.996422e-05,665.8599347097115
2024-10-12,-2.4119,3.348186e-05,663.2079151022025
2024-10-12,-2.698,3.8975275e-05,664.5060708707579
2024-10-12,-1.7241,4.3768487e-05,662.4173684339348
2024-10-12,-2.325,5.18997e-05,664.7801320943115
2024-10-12,-2.5633,3.761008e-05,664.0039083630018
2024-10-12,-0.3037,3.9339717e-05,660.4802592872816
2024-10-12,-0.0151,6.978165e-05,659.7761031742726
2024-10-12,-1.6733,3.413328e-05,663.3680787569101
2024-10-12,-2.5845,4.581757e-05,666.334341178248
2024-10-12,-2.3495,4.868054e-05,663.1240550628718
2024-10-12,-2.0884,5.132952e-05,662.6755988723269
2024-10-12,-2.4371,5.0124e-05,664.6464511571238
2024-10-12,-0.715,6.258744e-05,660.1225058795437
2024-10-12,-1.0207,5.5246008e-05,660.3744156312871
2024-10-12,-1.2592,3.0071998e-05,662.6234907689643
2024-10-12,-1.4978,5.6142948e-05,663.0702367711127
2024-10-12,0.1621,4.4524073e-05,659.962033173857
2024-10-12,-0.165,3.6503654e-05,659.7342833188533
2024-10-12,-1.389,3.5529076e-05,661.2418567233815
2024-10-12,-0.3443,5.3383355e-05,659.9433545451276
2024-10-12,-1.2381,4.9800317e-05,660.8075561898673
2024-10-12,-1.2449,6.1755665e-05,661.6531951581703
2024-10-12,-0.3466,3.3228345e-05,661.3586586160208
2024-10-12,-0.4608,5.708124e-05,659.8422813053168
2024-10-12,-2.1396,3.9013365e-05,666.4061613439832
2024-10-12,-1.0556,6.9237605e-05,660.6440335698647
2024-10-12,-0.724,7.3618e-05,660.0696263271794
2024-10-12,-2.8239,3.0489764e-05,664.9242133696409
2024-10-12,-0.747,3.8045044e-05,662.110136613147
2024-10-12,-1.5071,5.7631794e-05,663.9330700855007
2024-10-12,-2.7215,5.7388665e-05,665.1304262968505
2024-10-12,-2.4222,3.9173327e-05,664.7904004440388
2024-10-12,-2.0538,7.035605e-05,662.2518837734963
2024-10-12,-0.759,6.4789805e-05,661.052574524709
2024-10-12,-2.853,3.571054e-05,666.5600879015377
2024-10-12,-1.5613,3.4509965e-05,661.2342137594419
2024-10-12,-2.1185,4.121033e-05,663.540667187408
2024-10-12,-2.0926,6.413014e-05,663.0793744624632
2024-10-12,-2.1675,5.4884193e-05,663.1213406485913
2024-10-12,-2.6915,3.939795e-05,667.7626654084033
2024-10-12,-2.134,4.6304613e-05,662.4931330418877
2024-10-12,-1.1065,0.00012750781,660.5468356864781
2024-10-12,-0.7129,6.8708454e-05,661.6785831782868
2024-10-12,-0.7202,0.00013980267,660.6236740092361
2024-10-12,-0.6867,3.8247657e-05,662.6172663400793
2024-10-12,-1.936,6.148153e-05,662.0737573534607
2024-10-12,-1.5258,4.2940028e-05,662.5796154163622
2024-10-12,-0.8577,5.5979268e-05,663.2136191201105
2024-10-12,-1.18,5.299352e-05,662.6873487743915
2024-10-12,-1.0325,5.7764635e-05,663.4472948315874
2024-10-12,-1.8977,5.4356453e-05,665.1419651858405
2024-10-12,-0.8394,5.885581e-05,660.1389678516445
2024-10-12,-0.9671,0.00011379375,662.272947390532
2024-10-12,-0.9993,6.774908e-05,660.4972208987992
2024-10-12,1.5294,5.1270916e-05,661.2397220409401
2024-10-12,2.0395,3.172185e-05,665.3034328689555
2024-10-12,-1.0062,4.5776742e-05,662.3151684655849
2024-10-12,1.3878,5.1502713e-05,661.799113765479
2024-10-12,1.5055,4.668034e-05,661.5862502833154
2024-10-12,0.8936,5.3739037e-05,663.1942558731903
2024-10-12,2.3263,4.7248534e-05,665.1289335288025
2024-10-12,-2.0411,5.563411e-05,663.6552601081862
2024-10-12,-1.5849,5.4624514e-05,662.0465023907062
2024-10-12,-1.809,6.828653e-05,664.9997521494843
2024-10-12,-1.593,4.850912e-05,661.4603920749959
2024-10-12,-0.391,4.4224038e-05,660.3071931886461
2024-10-12,-0.8779,4.5818437e-05,661.6904116976718
2024-10-12,-0.8296,7.603291e-05,660.8300743789694
2024-10-12,-0.91,6.254937e-05,661.219356548598
2024-10-12,-1.3634,9.765073e-05,662.1997827046032
2024-10-12,1.907,5.129913e-05,663.5277972858771
2024-10-12,1.7429,5.500796e-05,663.0188264191619
2024-10-12,-0.8408,8.23255e-05,660.239825319205
2024-10-12,1.6559,8.050434e-05,661.7501712124152
2024-10-12,1.9448,0.00013225232,662.3637201309377
2024-10-12,1.0863,4.3518063e-05,660.8496262783246
2024-10-12,2.2502,6.0942377e-05,663.4216688151432
2024-10-12,2.0755,4.0218107e-05,665.2642455147036
2024-10-12,1.2336,0.00010723237,661.4675528761093
2024-10-12,1.2854,9.247033e-05,662.3954300476281
2024-10-12,2.5525,6.726611e-05,666.4579508216248
2024-10-12,0.9284,4.7336485e-05,660.652430268554
2024-10-12,1.1432,7.548759e-05,664.2628130474366
2024-10-12,1.3589,0.00071168324,663.0529764148481
2024-10-12,1.6354,0.0002266381,661.4949078885538
2024-10-12,0.1671,0.00017680108,659.5149694364453
2024-10-12,0.6332,0.00015028115,662.9276620964692
2024-10-12,1.3409,0.00015730491,661.1814507833718
2024-10-12,1.6352,0.00010357636,661.5497612539366
2024-10-12,-1.0897,6.944899e-05,660.6467154692234
2024-10-12,-1.0894,3.752071e-05,666.1335893742094
2024-10-12,0.8353,5.273011e-05,661.5333115064924
2024-10-12,1.3878,6.3020576e-05,662.5892512552416
2024-10-12,1.1987,5.862819e-05,664.7454680942591
2024-10-12,1.8115,8.894159e-05,667.08959313692
2024-10-12,2.0137,8.2377956e-05,665.9299917756282
2024-10-12,1.3938,0.0011252005,661.1234502729033
2024-10-12,1.8983,0.0010998459,665.4526644292002
2024-10-12,1.5882,0.00053064985,665.8434292870979
2024-10-12,1.8494,0.000958968,662.3815149117221
2024-10-12,-1.7414,0.00085482176,665.3446653595806
2024-10-12,2.18,0.0010380226,663.1728703576839
2024-10-12,1.4322,0.0010767145,661.1915629692636
2024-10-12,1.4516,0.0015363157,661.43622804486
2024-10-12,1.8022,0.0012238601,666.7460099318541
2024-10-12,1.9495,0.0012214221,662.6678936628998
2024-10-12,1.6391,0.0010144113,662.6413736658562
2024-10-12,1.3595,0.00093536475,665.9618569435461
2024-10-12,1.5856,0.0008350074,661.3801984252996
2024-10-12,-0.7593,0.0007849989,660.1574268347179
2024-10-12,1.607,0.0010565178,663.8588334559868
2024-10-12,1.0961,0.00090136647,661.4461521996376
2024-10-12,2.2661,0.0009007166,665.3695117442303
2024-10-12,2.2127,0.0007366093,662.9388404610274
2024-10-12,1.2894,0.00051649846,662.1645255597297
2024-10-12,1.7821,0.0006849267,663.2317250973226
2024-10-12,-0.1411,0.00096659025,659.7867317363632
2024-10-12,-1.8049,0.0013001644,667.4801048145993
2024-10-12,1.0678,0.0015930854,661.1143787654526
2024-10-12,1.8313,0.001160368,662.0352315258083
2024-10-12,2.0773,0.001204714,662.5495209334733
2024-10-12,1.0659,0.0011636703,660.9260923543067
2024-10-12,0.9944,0.0011301376,661.5219069867867
2024-10-12,1.2608,0.0007775741,662.0198057067026
2024-10-12,1.2043,0.0006380388,663.3684606645836
2024-10-12,1.5152,0.00078712724,661.4700659092226
2024-10-12,-1.0571,0.0006936986,661.7375846476891
2024-10-12,1.6495,0.0009465156,664.3187412544901
2024-10-12,1.2947,0.0006714436,661.1382359852092
2024-10-12,1.5773,0.00042440442,661.9615607524247
2024-10-12,1.2454,0.00042715186,661.152733710738
2024-10-12,1.3894,0.00062522694,661.2379947029617
2024-10-12,1.5084,0.0007827251,662.4474502363304
2024-10-12,2.0639,0.0006497166,662.8160248789804
2024-10-12,1.7517,0.00055078015,664.1823345041755
2024-10-12,-0.5469,0.0005405298,661.2484020320226
2024-10-12,1.3843,0.00087001035,661.2481071499379
2024-10-12,1.8886,0.0008904635,662.1232890772859
2024-10-12,1.2129,0.0007520323,661.4606907423071
2024-10-12,1.9545,0.00085843663,667.0731687023216
2024-10-12,1.2467,0.0008553616,662.0774677780565
2024-10-12,0.867,0.0010609098,660.2104543323097
2024-10-12,-0.9958,0.0011340537,665.8295917431224
2024-10-12,0.5616,0.0017881087,660.4631987463542
2024-10-12,1.8311,0.0016073321,662.15240407062
2024-10-12,0.8735,0.0014858086,661.0864838395705
2024-10-12,0.6292,0.0014954254,660.939973353424
2024-10-12,-2.7989,0.001436244,665.0609746391134
2024-10-12,-1.5791,0.0016229054,662.5312991362657
2024-10-12,-1.416,0.0013525146,661.3258143607353
2024-10-12,-1.5149,0.0010390059,661.4941278077896
2024-10-12,-0.8207,0.0007160382,662.3391764396108
2024-10-12,-1.6189,0.0005594613,661.569881286568
2024-10-12,-0.7889,0.0005274594,662.881142890086
2024-10-12,-1.2178,0.00052729854,661.831460425772
2024-10-12,-1.5603,0.00069621246,661.5524502841677
2024-10-12,-1.9803,0.0005959304,662.4222063344057
2024-10-12,-1.7084,0.00071148726,662.453634120712
2024-10-12,-1.0996,0.0004227254,661.0512596362262
2024-10-12,-1.7623,0.0004157792,661.8343603373932
2024-10-12,-1.6027,0.0004415964,663.8259464804219
2024-10-12,-0.9878,0.00045906857,663.2232438576152
2024-10-12,-0.4986,0.00032306844,659.9327955835319
2024-10-12,-0.9447,0.00015470116,660.4127404820904
2024-10-12,-1.399,0.00016131403,662.3131989027265
2024-10-12,-1.3442,0.00013439548,662.7369160373515
2024-10-12,-0.6397,8.7623885e-05,662.7734784687603
2024-10-12,-1.5309,4.6227222e-05,661.5324620737131
2024-10-12,-1.7136,3.775874e-05,662.7091924835868
2024-10-12,-1.6643,5.527142e-05,663.0324045747543
2024-10-12,-0.9873,2.90798e-05,660.430596189276
2024-10-12,-0.6774,3.4464516e-05,661.1022609740285
2024-10-12,-1.8907,5.2728526e-05,662.0382623586818
2024-10-12,-1.3139,5.035462e-05,661.1999265121115
2024-10-12,-0.8353,6.239432e-05,660.9589309133677
2024-10-12,-1.4699,7.1279e-05,662.7715201108941
2024-10-12,-1.4092,4.4156033e-05,661.4979722013417
2024-10-12,-2.0969,4.65055e-05,662.3952267105419
2024-10-12,-2.0078,4.900068e-05,663.1582297523559
2024-10-12,-1.8696,3.840554e-05,662.3220993734187
2024-10-12,-0.6909,7.664725e-05,660.7441504987448
2024-10-12,-0.8998,4.723293e-05,661.3265458464095
2024-10-12,-1.1568,7.672078e-05,661.0439360386557
2024-10-12,-1.5194,5.9994432e-05,662.0193646384662
2024-10-12,-1.3693,6.084193e-05,660.908204987537
2024-10-12,-2.7058,6.776977e-05,666.0210923600583
2024-10-12,-0.5359,5.1945062e-05,661.9065964894054
2024-10-12,-2.3444,5.0697985e-05,664.4493235038693
2024-10-12,-1.6111,4.357236e-05,662.0033191004682
2024-10-12,-1.1649,4.9296934e-05,660.7290630836573
2024-10-12,-2.3869,0.00023815801,663.559047693655
2024-10-12,-1.4968,0.00011069498,665.4314049962909
2024-10-12,-2.189,3.9200233e-05,662.6793187412097
2024-10-12,-0.727,6.84412e-05,662.2016425372964
2024-10-12,-1.1451,5.9987637e-05,661.166293174146
2024-10-12,-1.0063,2.2975613e-05,660.7269427367465
2024-10-12,-2.0887,4.460736e-05,663.4301058038586
2024-10-12,-0.704,3.791102e-05,660.5486177250045
2024-10-12,-1.4527,0.00018077462,661.8360329848124
2024-10-12,-1.1011,0.00027981255,663.0015421589246
2024-10-12,-1.0933,8.0610684e-05,662.479488752892
2024-10-12,-1.27,4.8810634e-05,664.9309388578515
2024-10-12,-1.9492,2.9030018e-05,663.6683350123412
2024-10-12,-0.8005,2.465497e-05,660.2806699676169
2024-10-12,-1.2274,4.6018886e-05,661.4349418357007
2024-10-12,-1.2469,4.283148e-05,660.9163872560589
2024-10-12,-2.0733,4.0913143e-05,663.0622986244587
2024-10-12,-1.2827,5.6620273e-05,660.7706708436727
2024-10-12,-0.8989,4.424857e-05,660.3622797824082
2024-10-12,-0.689,1.6018521e-05,660.2360757797713
2024-10-12,-1.4889,5.919673e-05,665.9060484348493
2024-10-12,-1.6428,3.4289256e-05,662.3264030599632
2024-10-12,-0.5013,3.4879165e-05,662.8375342559139
2024-10-12,-1.262,2.0188269e-05,674.5523977305686
2024-10-12,-1.4505,3.4648925e-05,661.1009358999623
2024-10-12,-1.5077,0.00014843243,661.7967457735278
2024-10-12,-1.5395,0.0001032982,662.1348565486335
2024-10-12,-1.2451,0.00014176808,661.288553468323
2024-10-12,-1.0941,2.885755e-05,662.3449849731635
2024-10-12,-1.2187,5.6038913e-05,664.1861146033667
2024-10-12,-1.5849,3.8196493e-05,663.5190584837733
2024-10-12,-1.5213,0.0001333376,663.3897442288162
2024-10-12,-0.7547,9.298728e-05,660.0694185494162
2024-10-12,-1.5057,3.2121723e-05,661.232728303522
2024-10-12,-1.0053,4.8198315e-05,660.6282100782332
2024-10-12,-1.7088,2.6110736e-05,661.5800028015113
2024-10-12,-0.9785,4.3419375e-05,661.1849560757267
2024-10-12,-0.4206,5.155969e-05,662.9694457361958
2024-10-12,-2.218,2.3513598e-05,663.2455207244948
2024-10-12,0.5096,5.1333776e-05,659.8635159201297
2024-10-12,-0.6005,3.8621307e-05,660.1929998657904
2024-10-12,0.4527,3.760575e-05,663.3234772613214
2024-10-12,-1.5122,3.458469e-05,661.5587418315245
2024-10-12,0.0138,9.0445865e-05,660.1296407888397
2024-10-12,-1.4297,6.856411e-05,662.736773887075
2024-10-13,-2.1547,0.0002565599,538.9660397968307
2024-10-13,-2.1257,0.00060414866,543.4913723065124
2024-10-13,-2.6915,0.000111921516,540.6843698558807
2024-10-13,-1.4728,0.0004330834,538.6636202574514
2024-10-13,-2.6223,0.00010715887,546.2717277974673
2024-10-13,-1.317,0.00012620808,539.1166536281063
2024-10-13,-2.6965,0.00017041381,544.4594678543756
2024-10-13,-2.7681,9.5829564e-05,542.899588455546
2024-10-13,-2.2332,0.0003469548,542.0326861157379
2024-10-13,-2.0543,0.00042632807,545.8778015882518
2024-10-13,-2.5359,7.164181e-05,538.8001156975351
2024-10-13,-1.7061,0.00012587188,543.6024056195847
2024-10-13,1.0497,0.00066996546,538.7558166177614
2024-10-13,-2.6329,0.00016071727,539.0467994444546
2024-10-13,-2.8404,0.00011777844,548.2018172326472
2024-10-13,-3.2845,0.00010165183,550.1940971972439
2024-10-13,-2.1776,8.704716e-05,543.7606978687929
2024-10-13,-3.164,0.00013332505,539.6933772119495
2024-10-13,-2.642,0.00015789161,542.9121393233695
2024-10-13,-1.4689,0.0014512116,543.0664640762207
2024-10-13,-2.139,0.0010176911,538.9682888842283
2024-10-13,-0.9324,0.0016532642,540.6457141258642
2024-10-13,-2.7258,0.00020655549,542.5693403500215
2024-10-13,-2.4661,0.00026008656,543.832938522401
2024-10-13,-2.6155,0.00020838609,542.1509209412327
2024-10-13,-2.4991,0.00012598974,538.7838424048604
2024-10-13,-2.2098,0.0015048039,543.0332072569818
2024-10-13,-1.4863,0.00021906252,540.8623767773576
2024-10-13,-2.7441,0.00015156246,540.2864800310936
2024-10-13,-2.4714,0.00022439356,545.418531067368
2024-10-13,-2.4178,0.0002831032,539.9526963516541
2024-10-13,-2.8066,7.5412136e-05,545.1994536005233
2024-10-13,-2.5953,0.00016594927,538.5550048383138
2024-10-13,-1.3392,0.0004828216,545.4665698477202
2024-10-13,-2.7604,0.0007078576,538.5949125955445
2024-10-13,-3.3154,0.00014735054,540.0217561661868
2024-10-13,-1.8991,0.00026155348,542.119855785782
2024-10-13,-1.8992,0.0013049853,543.9162286995554
2024-10-13,-2.6081,8.484118e-05,539.4350379113123
2024-10-13,-1.082,8.2494014e-05,547.1973658437521
2024-10-13,-2.8356,0.00019172118,540.2539620564812
2024-10-13,-2.5429,0.00025674765,545.2438443367282
2024-10-13,-2.4783,0.000119696226,544.116888320549
2024-10-13,-2.9459,0.00011788963,543.5768476057543
2024-10-13,-2.5659,0.0004881557,540.7691826856183
2024-10-13,-2.0293,9.737669e-05,539.713767170976
2024-10-13,-2.7519,0.0006020021,539.5039847436603
2024-10-13,-1.4066,0.00023686109,545.2881505537698
2024-10-13,-3.0157,8.8907924e-05,539.2552473161597
2024-10-13,-1.9276,2.9600531e-05,542.7637840546654
2024-10-13,-3.1668,0.00013278556,540.9477205318856
2024-10-13,-2.8952,0.00015741788,543.9931674103805
2024-10-13,-3.0572,0.000113523296,541.5782837166548
2024-10-13,-2.6693,0.00011265881,539.49526817376
2024-10-13,-2.5015,0.0005406992,543.8492371612367
2024-10-13,-2.3485,6.125645e-05,539.8254563377677
2024-10-13,-1.6485,0.00029819147,540.8530198331678
2024-10-13,-1.7647,7.685673e-05,546.0476443977818
2024-10-13,-2.3571,0.0003142658,548.4065356586148
2024-10-13,-1.5971,0.00028885505,542.1443582684403
2024-10-13,-2.6114,0.00011707012,542.9365945338513
2024-10-13,-1.7486,5.8234626e-05,540.4661071243629
2024-10-13,-2.3201,4.5003027e-05,539.4624696684598
2024-10-13,-3.8091,3.8745955e-05,548.9876344599334
2024-10-13,-1.7197,4.184677e-05,550.9307757862664
2024-10-13,-2.406,0.00021267711,539.9247413188214
2024-10-13,-3.3192,0.00042959902,542.9068218449486
2024-10-13,-4.0577,8.539719e-05,545.643932858762
2024-10-13,-2.9646,5.5484634e-05,540.5357122984333
2024-10-13,-3.0394,7.6086086e-05,538.626869712225
2024-10-13,-1.9171,0.00032069156,542.3793247987101
2024-10-13,-1.5908,8.016222e-05,550.0908085241844
2024-10-13,-2.5538,0.00019382777,539.4924069807214
2024-10-13,-3.9521,6.6759676e-05,550.2692121260422
2024-10-13,-3.5452,7.003456e-05,543.3871542734787
2024-10-13,-1.6693,3.760826e-05,539.820981196987
2024-10-13,-3.028,0.00014004836,546.7400149441444
2024-10-13,-1.7102,6.4753265e-05,540.3525813491826
2024-10-13,2.3193,8.958829e-05,539.0123526097253
2024-10-13,-2.4296,0.00014441603,544.223532529508
2024-10-13,-3.2716,0.00015011743,540.5351416078747
2024-10-13,-1.6256,9.955777e-05,539.7443086830885
2024-10-13,-1.4682,6.672115e-05,542.4100515480936
2024-10-13,-2.1634,0.00019588372,542.7653197109604
2024-10-13,-2.923,0.00030033747,543.5742515010468
2024-10-13,-2.1638,4.2125608e-05,542.5920041333277
2024-10-13,-2.6237,0.00019812511,543.0191602749832
2024-10-13,-1.755,0.0001810232,541.2040441538977
2024-10-13,-1.8447,7.0140726e-05,541.7246808160339
2024-10-13,-3.1015,6.901331e-05,538.9016646991728
2024-10-13,-2.1002,0.00014367184,539.3980431598092
2024-10-13,-3.1607,5.9185164e-05,539.6349688783762
2024-10-13,-2.4126,5.888951e-05,543.352528352114
2024-10-13,-2.6145,0.0001259289,541.2767868737775
2024-10-13,1.3595,0.00022874944,538.8835613910237
2024-10-13,-2.8343,9.231542e-05,544.0279550137777
2024-10-13,-2.4447,9.5697775e-05,542.9866125878164
2024-10-13,-2.5854,3.1864794e-05,542.7636244566504
2024-10-13,-2.6847,4.7559246e-05,543.3758934839318
2024-10-13,-2.9336,0.00027046606,544.4603969939456
2024-10-13,-2.8626,0.00026955095,547.7446967052209
2024-10-13,-2.4612,6.965776e-05,539.0869592920126
2024-10-13,1.8192,0.00013199009,540.2651736345247
2024-10-13,-2.615,0.00015160635,540.4495758577592
2024-10-13,-1.1865,0.00036947374,542.3233696807545
2024-10-13,-1.991,0.00023004998,539.8515528277965
2024-10-14,-2.9247,0.000377128,667.5879089793841
2024-10-14,-0.8155,0.00041538486,665.9988324838498
2024-10-14,0.2756,0.00042278707,663.8710223696389
2024-10-14,-1.0805,0.0004544234,665.5890762231783
2024-10-14,-1.0053,0.00038909222,673.400213221771
2024-10-14,-1.8316,0.000119143355,666.3942118372654
2024-10-14,-1.1376,0.00020925693,665.1995596200917
2024-10-14,-1.7873,0.00017115197,664.9880636535624
2024-10-14,-0.4166,8.7694156e-05,662.5013956283657
2024-10-14,-2.5028,0.00018009875,674.4246765246997
2024-10-14,-2.1401,0.0002547969,664.9699674426511
2024-10-14,-0.9122,0.00022333978,669.1344432462724
2024-10-14,-0.4365,0.00021976257,663.9247839320831
2024-10-14,-0.8156,0.0012192319,663.3053669326164
2024-10-14,-0.7566,0.0012672067,663.4125517346545
2024-10-14,-1.5115,0.0011123293,664.2418785167121
2024-10-14,0.0937,0.0006211142,662.2911724761202
2024-10-14,-1.9323,0.00029319533,671.6338234649181
2024-10-14,-1.6134,0.00025871358,667.778502301878
2024-10-14,-0.759,0.00028448255,663.5677772266672
2024-10-14,1.2928,0.000427913,665.4853201932126
2024-10-14,-1.162,0.00056907436,665.3192287834445
2024-10-14,-1.1492,0.00032446734,671.4177760514112
2024-10-14,-0.2088,0.00013033597,662.911491376929
2024-10-14,-1.815,5.9714876e-05,664.6380449619351
2024-10-14,-0.188,0.00014208368,662.1681610514381
2024-10-14,-0.6526,0.000106817206,663.2198820966728
2024-10-14,-0.3133,6.670997e-05,664.3876614250074
2024-10-14,-0.1367,9.583127e-05,662.9174882946205
2024-10-14,-1.6362,0.00010752109,664.7484014537225
2024-10-14,-2.6382,0.00016322297,666.5576877918427
2024-10-14,-1.5276,0.00020764109,664.2077851628183
2024-10-14,-0.7574,0.00067787117,665.8998789133921
2024-10-14,-0.7403,0.00027534505,663.8164550508941
2024-10-14,-1.5579,0.00042047532,664.2186962134269
2024-10-14,-1.2833,0.00052036153,673.9883653073823
2024-10-14,-2.4771,0.0002201924,665.9164465155179
2024-10-14,-0.2233,0.00033872973,663.3545272839386
2024-10-14,-0.8845,0.00028462004,670.3204307409278
2024-10-14,-2.9528,0.00017148447,673.7392786447617
2024-10-14,-0.2815,0.00013179448,662.3199378300225
2024-10-14,1.8226,0.00023420798,664.5794722542635
2024-10-14,-1.0751,0.00018677622,663.8406181050472
2024-10-14,0.3263,0.00010417206,662.792110639401
2024-10-14,-1.3885,0.00045383687,667.3307142681633
2024-10-14,-2.1588,0.0003846985,665.1826520027385
2024-10-14,-0.771,0.0011962118,662.8560192928587
2024-10-14,-1.094,0.0014043915,670.036315426129
2024-10-14,-1.3536,0.0008241826,672.0604183457513
2024-10-14,-1.4327,0.0012125575,670.4429657103299
2024-10-14,1.6245,0.00061844784,664.3428694671793
2024-10-14,-0.6136,0.0007030804,662.4013311731062
2024-10-14,-0.3416,0.0006870559,662.2411219928487
2024-10-14,-0.8488,0.0005347151,662.8868312995348
2024-10-14,-1.6255,0.0007546261,665.6614142716242
2024-10-14,-1.3816,0.0005614937,664.9002296827437
2024-10-14,-1.4463,0.0005650695,665.0459036069645
2024-10-14,-1.0939,0.0007099595,670.8291781171707
2024-10-14,-0.015,0.00023968887,662.3561662264713
2024-10-14,-1.7426,0.0001275129,680.9329696297391
2024-10-14,-0.1092,0.00014041332,665.681864512571
2024-10-14,-1.9135,0.0002891019,665.3393713822611
2024-10-14,-2.4736,0.00022610095,665.8963842213179
2024-10-14,-2.7443,0.000250882,667.1611294089935
2024-10-14,-1.0376,0.00023842907,687.1258874992654
2024-10-14,-0.5819,0.00032746664,662.6513926953627
2024-10-14,-1.8817,0.0003339139,664.3697904336232
2024-10-14,-1.6484,0.0002890958,664.2651322790871
2024-10-14,0.4907,0.00044003598,662.7037580902781
2024-10-14,-0.4657,0.0005660207,664.6976959288513
2024-10-14,-0.5405,0.00035498684,662.6600748670644
2024-10-14,-1.5593,0.00081799744,664.2251916808542
2024-10-14,-2.7483,0.0006131938,667.357994285428
2024-10-14,-1.5847,0.0005429819,665.9196421733475
2024-10-14,-0.5239,0.00033893745,662.4877931979154
2024-10-14,-1.3828,0.0009554557,665.3819579175299
2024-10-14,-0.6853,0.00068171055,664.4346306489861
2024-10-14,0.1933,0.0005961756,662.3505140210984
2024-10-14,-1.5291,0.0008489486,663.7448959779126
2024-10-14,-2.6528,0.0005737096,666.4136328628912
2024-10-14,-0.1164,0.0005732788,662.8356775501968
2024-10-14,-0.0123,0.00043381972,663.2655796019062
2024-10-14,-2.2564,0.000778917,665.5651611278388
2024-10-14,-2.2202,0.00017466214,665.3265278579591
2024-10-14,-0.2415,0.00034255203,662.3792092075347
2024-10-14,-2.0436,0.0001362807,666.8591556437111
2024-10-14,-1.1257,0.00021671,663.1805074000632
2024-10-14,-1.5131,0.000379123,664.3757948801714
2024-10-14,-1.7837,0.00048396425,664.7047474520143
2024-10-14,-1.7065,0.0005325425,666.7778609418081
2024-10-14,-1.6473,0.00062004355,665.4699047976701
2024-10-14,-1.8934,0.0002725983,665.019820069248
2024-10-14,-1.6011,0.00029432809,664.4988877947501
2024-10-14,-0.8948,0.00044401106,663.592851639748
2024-10-14,-1.0924,0.00034921698,663.070395895441
2024-10-14,-2.5581,0.0007129204,668.0348510338977
2024-10-14,-0.8005,0.00081459555,662.795872669575
2024-10-14,-0.4544,0.00081521814,664.8594209562721
2024-10-14,-1.6329,0.00068001164,664.7223718688159
2024-10-14,-0.8632,0.0005902394,662.6742852152515
2024-10-14,-2.4732,0.00040029542,668.8876640310648
2024-10-14,-1.2456,0.0005082324,663.3629046069989
2024-10-14,-0.8835,0.000375807,664.142813374908
2024-10-14,-1.0746,0.00033539403,676.8069614104425
2024-10-14,-0.5484,0.00017313645,662.9004639431884
2024-10-14,0.4325,0.00025743112,662.426307456989
2024-10-14,-0.9878,0.00018055565,662.9774091190246
2024-10-14,-0.1811,0.00020580251,662.9381733225084
2024-10-14,-0.8395,0.00036693312,663.7858614049917
2024-10-14,-0.4252,0.00043519808,662.9688693144528
2024-10-14,1.4281,0.00013348878,663.9852428787735
2024-10-14,-0.7869,0.00015195523,663.3680496407544
2024-10-14,-0.8908,0.00012868457,665.1745894351093
2024-10-14,0.8246,0.00010979461,663.3392136070831
2024-10-14,-1.5764,6.584107e-05,665.2720647511354
2024-10-14,-1.5031,0.00012204683,676.0425712743184
2024-10-14,-0.7073,0.00021559857,663.1359721593547
2024-10-14,-1.9743,0.00055661646,664.893061215136
2024-10-14,-1.5939,0.00032275048,664.008262673865
2024-10-14,-0.5692,0.0003477402,662.9772973008814
2024-10-14,-2.0331,0.00037446865,668.4467501726908
2024-10-14,-0.8188,0.00058890367,662.7064937660787
2024-10-14,-1.5791,0.0009898534,666.2863794002728
2024-10-14,-0.4005,0.0004043206,664.0270514075148
2024-10-14,1.7374,0.00028172968,664.2845494412028
2024-10-14,-2.6896,0.00050357013,667.6328044168813
2024-10-14,-0.9384,0.00022669557,664.4783450845837
2024-10-14,-1.8937,0.0004074501,665.1453213669809
2024-10-14,-1.1946,0.0003492105,664.2903825529291
2024-10-14,-1.817,0.00061309984,665.3330225069682
2024-10-14,-1.3105,0.00048225073,670.2845891267166
2024-10-14,-1.7347,0.00043949755,667.5041517952176
2024-10-14,-3.0554,0.0005738271,674.3234490463103
2024-10-14,-2.7533,0.00043532465,667.3840146908469
2024-10-14,-0.8689,0.00022163759,664.1050403034453
2024-10-14,-1.6875,0.00027749775,664.9786254915302
2024-10-14,-2.6845,0.00024186971,667.7859709082197
2024-10-14,-0.7766,0.00022139691,663.7858579204374
2024-10-14,-0.8719,0.0003028204,664.3939456358651
2024-10-14,-2.3144,0.0003940653,666.6585399484297
2024-10-14,0.4291,0.000394777,662.2764804255082
2024-10-14,-0.0966,0.00028565555,663.3574568100698
2024-10-14,-0.5142,0.00038261266,668.5970261082203
2024-10-14,-2.0233,0.00036145342,665.7385620067432
2024-10-14,-1.5416,0.00038906132,665.7375986672371
2024-10-14,-1.5939,0.00035482863,670.119539352771
2024-10-14,-2.3279,0.0002750749,667.1655848996083
2024-10-14,-0.2819,0.00030409914,663.0626085114118
2024-10-14,-1.9549,0.0001661738,666.7637246460924
2024-10-14,-0.8577,0.00025623833,665.7288218220685
2024-10-14,-1.2835,0.00057308486,668.5006288342771
2024-10-14,0.9086,0.00028186265,663.6279696687684
2024-10-14,-1.0807,9.900949e-05,663.7199084779714
2024-10-14,-2.2277,0.00011565481,666.4785943925983
2024-10-14,-0.2178,0.000110288325,662.1433587247132
2024-10-14,0.5321,0.0007247264,662.7711706350674
2024-10-14,-2.853,0.0007600141,669.0752906034959
2024-10-14,-0.0537,0.0004503239,662.4000526062432
2024-10-14,0.4068,0.00043398642,664.3842211713682
2024-10-14,-0.4346,0.00028752905,662.4701152854677
2024-10-14,-1.2708,0.00043983688,666.4725062710529
2024-10-14,-0.9818,0.00025288184,669.3534530299683
2024-10-14,-1.7538,0.00014583586,672.6141142384724
2024-10-14,-0.6083,0.00022047333,662.523177182393
2024-10-14,-2.4933,0.00013164383,667.8969416134398
2024-10-14,0.2711,0.00017254698,663.604069222218
2024-10-14,-1.3594,0.00010008494,666.447614252719
2024-10-14,-2.5659,7.08069e-05,670.3626809400989
2024-10-14,-0.747,0.00032086862,664.6253393151051
2024-10-14,-2.6237,0.00043624904,667.7169964768834
2024-10-14,0.543,0.00025550515,662.9162835649067
2024-10-14,-1.3357,0.00020861933,667.9595704278822
2024-10-14,-2.9535,0.00041722358,670.745885061481
2024-10-14,-0.8836,0.00034510417,662.9842319006048
2024-10-14,-1.9012,0.0001196598,664.5901289226177
2024-10-14,-1.2001,8.238173e-05,664.0598150890896
2024-10-14,-2.1344,0.00013316874,666.9545052572012
2024-10-14,-0.6054,8.251362e-05,662.987973988461
2024-10-14,-0.8296,0.00014032247,681.0809922715779
2024-10-14,-0.6035,0.00016808718,669.9479228950062
2024-10-14,0.8317,0.00065694016,663.1267865202365
2024-10-14,-2.3539,0.00017425574,674.2683775571935
2024-10-14,-0.3055,0.00010797422,665.9161271027463
2024-10-14,-1.4462,5.11385e-05,666.0277931581131
2024-10-14,-1.8318,4.9940918e-05,665.1791030377178
2024-10-14,-2.7777,5.9932638e-05,666.8086853207496
2024-10-14,-1.4081,2.6652087e-05,663.5334934838975
2024-10-14,-1.0281,3.4517925e-05,663.1722146092719
2024-10-14,0.9002,3.7144804e-05,663.9447959677087
2024-10-14,-1.2422,7.239127e-05,663.2502303910769
2024-10-14,-1.0167,0.00011473555,663.8099006411271
2024-10-14,0.5316,0.00019169872,662.9026409671984
2024-10-14,0.0728,0.0003685146,663.292718900351
2024-10-14,-0.2541,0.00048743843,662.6755947296496
2024-10-14,-1.7246,0.00064138137,665.7025461150178
2024-10-14,-1.3984,0.0002975487,663.4656505473274
2024-10-14,-0.9582,0.0003281115,662.8033241383494
2024-10-14,-2.5164,0.00039951233,666.3793169301114
2024-10-14,-0.6549,0.00039833275,664.8676112568253
2024-10-14,0.671,0.00011913906,662.85465424581
2024-10-14,-1.3693,0.0003055538,663.4234076894952
2024-10-14,-0.7608,0.00024647638,663.2462413604256
2024-10-14,-1.1471,0.00019505598,663.7308972601943
2024-10-14,-0.768,0.000121022065,665.2449045218727
2024-10-14,-2.4133,8.9814865e-05,667.8596107855249
2024-10-14,-1.8602,7.588099e-05,672.5387794056131
2024-10-14,-2.3019,7.105624e-05,666.5397423734013
2024-10-14,-2.7984,0.00025065892,667.596222428045
2024-10-14,-0.4536,0.0003364206,662.243659281176
2024-10-14,0.2449,0.0003739694,662.1485444054372
2024-10-14,-1.6966,7.664026e-05,664.7421082836695
2024-10-14,-2.4184,0.0002456263,666.3306977370677
2024-10-14,-1.7146,0.00013397056,666.2935900315406
2024-10-14,0.2092,0.00012041357,664.2680767783854
2024-10-14,-1.8161,0.00014984437,664.8438234062542
2024-10-14,-1.2631,0.00021078395,664.7579566696202
2024-10-14,-2.4187,0.00012518947,666.6802040478798
2024-10-14,-0.0808,0.00016139189,662.5448582102059
2024-10-14,-0.9769,0.00021387066,663.469133536124
2024-10-14,-1.19,8.767199e-05,663.4976033459188
2024-10-14,1.9142,0.00025626528,667.7078966559473
2024-10-14,0.5096,0.00036535654,662.3787186220877
2024-10-14,-2.4561,0.0005205169,667.0433239804345
2024-10-14,-1.5702,0.00040846982,665.1224418576186
2024-10-14,-1.2109,0.00056698837,663.9389311858072
2024-10-14,-0.4751,0.0007971537,663.3638723980207
2024-10-14,0.8843,0.00083318393,664.116128595215
2024-10-14,-1.3203,0.00075217424,663.3881149539093
2024-10-14,-2.5173,0.00042970487,666.4984894657146
2024-10-14,-0.7136,8.071213e-05,665.307406568169
2024-10-14,-0.2577,0.00016921673,663.5067843446485
2024-10-14,-1.9845,9.407798e-05,666.1500741938725
2024-10-14,-0.213,7.522105e-05,663.0867697087216
2024-10-14,-2.7235,8.2715385e-05,667.8525260837944
2024-10-14,-1.7328,0.00015510789,671.9581030797866
2024-10-14,-1.3817,0.0001348874,665.542299429456
2024-10-14,-2.2882,0.00019718849,666.5273658470992
2024-10-14,-0.3511,0.00017931628,662.7078627411793
2024-10-14,-1.6836,8.943074e-05,664.8477806494558
2024-10-14,-1.0644,0.00049510034,663.38002224714
2024-10-14,-0.9095,0.00011173944,663.496342901584
2024-10-14,-0.4084,8.595332e-05,665.8086045485159
2024-10-14,-2.642,8.279333e-05,667.9706674444708
2024-10-14,-2.8326,9.5172356e-05,669.4115890750395
2024-10-14,-1.1263,0.00014217728,664.5316722322885
2024-10-14,-1.0519,0.00012454897,664.3539239556068
2024-10-14,-0.8375,5.362054e-05,663.8846874214837
2024-10-14,-1.8233,8.403738e-05,664.3717083115348
2024-10-14,-1.0292,3.4792723e-05,664.719824796324
2024-10-14,-0.7254,7.717972e-05,673.1485362239798
2024-10-14,-0.5829,0.000209021,662.3924480001851
2024-10-14,-0.0644,0.00039416453,662.3120695015721
2024-10-14,-1.2732,0.00033986193,664.3770762285963
2024-10-14,-1.5422,0.00028220742,666.6546638217055
2024-10-14,-1.8671,0.00012808594,667.8528572374885
2024-10-14,0.7774,0.000114467,665.6283224611767
2024-10-14,-1.2757,0.0002725631,664.3340048159953
2024-10-14,-0.9718,7.535932e-05,663.701653105917
2024-10-14,-0.1447,0.000117665746,662.8620288822616
2024-10-14,-1.4184,0.00012321978,664.1451756802587
2024-10-14,-2.1947,0.0005540121,666.2852944696591
2024-10-14,-2.4151,0.00019930355,665.967616186043
2024-10-14,-0.0895,0.00020602587,663.0067767996891
2024-10-14,-1.0247,0.00019923449,663.3030113335234
2024-10-14,-0.5051,0.0001570677,662.9532487398135
2024-10-14,-0.5735,8.4533895e-05,664.2091380539395
2024-10-14,-0.7553,7.560932e-05,665.0816653945654
2024-10-14,0.2416,9.356248e-05,665.957291231337
2024-10-14,-0.777,8.73406e-05,662.5974432096345
2024-10-14,-2.3126,0.00017146554,666.8036983256716
2024-10-14,-0.7305,0.00019364092,663.6991746641065
2024-10-14,-0.4508,8.278159e-05,662.7428755503313
2024-10-14,0.3794,4.262531e-05,663.2471847031602
2024-10-14,-0.7377,0.00022551903,662.7248433706104
2024-10-14,-1.4313,0.00024607586,671.2402648172833
2024-10-14,-0.0814,0.00010366643,662.0049484791177
2024-10-14,-1.7863,0.00023217194,664.4126989125197
2024-10-14,-1.8654,0.0002818717,667.8988655032906
2024-10-14,-1.9492,0.00021352877,666.7870186482835
2024-10-14,-3.5227,0.00010861359,670.2583737059942
2024-10-14,-1.9723,0.0001468609,665.3299584188389
2024-10-14,-1.224,0.00023578132,672.3232520928143
2024-10-14,-0.8886,5.7935707e-05,662.9760218655449
2024-10-14,-1.6021,0.00014565593,664.0796962667625
2024-10-14,-0.0896,0.00012892121,662.6391491423799
2024-10-14,-1.4345,6.0854458e-05,665.4991406926983
2024-10-14,-0.6554,0.000104256374,663.4451134149838
2024-10-14,-0.9672,3.097319e-05,664.488082399606
2024-10-14,-1.8781,0.00012467352,664.54225664454
2024-10-14,1.0508,0.000108292865,664.3252736250819
2024-10-14,-3.1015,8.304659e-05,668.4951629536536
2024-10-14,0.245,8.8676934e-05,663.7999794661941
2024-10-14,-0.9401,0.00010072394,663.8200686341229
2024-10-14,-0.401,0.00012510885,662.7198420712836
2024-10-14,-0.7003,0.0012491911,663.9614454081777
2024-10-14,-0.6615,0.0008678576,663.3039098565572
2024-10-14,-1.413,0.00049131573,671.6926431553047
2024-10-14,-1.2192,0.00022814091,663.3016517359874
2024-10-14,-1.6435,0.00012116041,672.3971969275128
2024-10-14,-2.3939,0.00013886495,666.8053585407462
2024-10-14,-2.4416,0.00020100763,666.9783132606618
2024-10-14,-1.1284,0.00017660508,664.2496425297124
2024-10-14,-1.0126,0.00012855095,665.4480490322202
2024-10-14,-1.1744,0.00014961192,672.0253878175041
2024-10-14,-1.2746,3.784678e-05,663.6834117333894
2024-10-14,-1.4518,0.00017613945,663.6856735751521
2024-10-14,-1.2469,0.00010771494,663.4315899580171
2024-10-14,-0.431,0.0002551254,663.3901798130091
2024-10-14,0.2931,0.0003211446,663.0307399000841
2024-10-14,-1.2193,0.00033424416,663.3812958738033
2024-10-14,-2.1962,0.00017175231,667.0048148599085
2024-10-14,-1.854,0.00021584604,664.7628561013839
2024-10-14,-2.3618,0.00049285684,665.6801062778711
2024-10-14,1.1032,0.00038141877,663.9515690193002
2024-10-14,-0.0564,0.00024350046,662.6331757235257
2024-10-14,-1.498,0.00016116459,669.7596394452037
2024-10-14,-1.5271,0.00033918212,663.9331402996963
2024-10-14,-2.0241,0.00069806626,668.0152201027502
2024-10-14,-2.0926,0.00020094102,665.5945771644213
2024-10-14,-2.0674,0.00023164628,671.2979643737823
2024-10-14,-2.9202,0.00010152514,667.5755311140954
2024-10-14,-0.9042,0.0001458892,662.9211879766715
2024-10-14,-1.4109,0.00019213754,665.848581277749
2024-10-14,-1.3831,0.00013250418,671.4062197382677
2024-10-14,-1.5819,0.00019455353,664.0800603998864
2024-10-14,0.1788,0.00016127527,662.9526481003106
2024-10-14,-2.4785,4.7200894e-05,666.4130668750145
2024-10-14,-1.0754,7.630266e-05,670.4747511870161
2024-10-14,-0.7649,0.00010068379,666.3868086503483
2024-10-14,-1.1695,8.893364e-05,665.3845137887013
2024-10-14,-1.2045,0.00031112722,664.4118686187848
2024-10-14,-1.8386,0.00019179915,665.5520942235828
2024-10-14,-1.0893,0.00020039068,663.2139923270565
2024-10-14,-2.0886,0.00046256592,665.5280147903928
2024-10-14,-1.4664,0.0001376646,664.2876479955967
2024-10-14,-2.4174,0.00018199524,667.5254792372432
2024-10-14,-2.3669,0.00032274527,666.2252109100646
2024-10-14,-0.0579,7.785039e-05,664.0258562186011
2024-10-14,-0.5735,0.00014299124,663.1765281139915
2024-10-14,-1.063,0.00027020066,664.7020409756278
2024-10-14,-0.7659,0.00037183,664.812556810856
2024-10-14,-0.3091,0.00028394177,662.9586817710407
2024-10-14,-0.4903,0.0006020378,664.2451653163025
2024-10-14,-2.0793,0.00027581013,665.6891981661786
2024-10-14,-1.158,0.0001551164,664.0590005415582
2024-10-14,-0.5226,0.00021895433,665.0304923437573
2024-10-14,-1.3783,8.1269354e-05,679.9405443768856
2024-10-14,-0.3837,0.00015890885,664.6208527394704
2024-10-14,-2.206,0.0001265164,671.4986927744931
2024-10-14,-0.9424,7.282078e-05,663.9610010621499
2024-10-14,0.5054,0.00024842008,663.1096597552007
2024-10-14,-1.021,0.00035023413,663.8501871676262
2024-10-14,-1.0148,0.00018429878,663.1155836643813
2024-10-14,0.5181,0.00034821083,662.8934777820098
2024-10-14,-1.176,0.00031525368,663.391194082621
2024-10-14,-1.1217,0.0001479374,663.7485562662398
2024-10-14,-2.2434,8.0635975e-05,669.0752830734766
2024-10-14,-2.7315,5.5600685e-05,667.7178412214494
2024-10-14,-0.1197,5.412604e-05,662.3666731366538
2024-10-14,-0.7478,6.563975e-05,663.8760364291657
2024-10-14,0.6953,2.7331896e-05,662.6618779500398
2024-10-14,-1.5261,5.3459647e-05,665.5233410957346
2024-10-14,-0.2265,0.00017142636,662.646087736004
2024-10-14,-1.7198,0.00022851893,664.5966491270979
2024-10-14,-0.0612,0.0009365964,665.4544553223401
2024-10-14,-1.6743,0.0009197058,665.581598852023
2024-10-14,-1.0882,0.00021105449,664.7579007514826
2024-10-14,-0.6975,9.1093694e-05,663.8874153179715
2024-10-14,-1.6274,9.6247866e-05,677.6549505709556
2024-10-14,-1.6594,0.00012204176,665.7016855441636
2024-10-14,-0.2388,7.333082e-05,663.9769463852282
2024-10-14,-0.8206,7.587852e-05,663.0127263418372
2024-10-14,-2.2101,7.036706e-05,668.421844380334
2024-10-14,-0.7533,5.3458898e-05,663.943878906631
2024-10-14,-2.4175,5.7381436e-05,665.7123708323821
2024-10-14,-1.0909,0.0002660834,663.1865912605188
2024-10-14,-1.3757,0.00026288288,663.5045723774508
2024-10-14,-2.0138,7.741593e-05,665.0471038368571
2024-10-14,-0.8132,0.000102487524,665.5279569639238
2024-10-14,-2.9852,6.717122e-05,667.6777567216747
2024-10-14,-2.5137,0.0001385744,666.195190694847
2024-10-14,-0.9549,0.00028392122,663.7498317104436
2024-10-14,-1.1844,0.00014812528,664.1782561800246
2024-10-14,-0.9092,5.722823e-05,664.2664876474456
2024-10-14,-0.1725,0.00014341959,666.0695919691867
2024-10-14,0.8562,0.00013842838,662.7678271479222
2024-10-14,-0.7231,4.2774118e-05,664.4677695235025
2024-10-14,-1.8485,8.314501e-05,665.5779052665579
2024-10-14,-0.7855,6.857704e-05,662.9624673111482
2024-10-14,-1.4934,4.3955668e-05,664.2173006539701
2024-10-14,-1.1474,4.590669e-05,663.1070714624823
2024-10-14,-0.227,0.00011193103,670.6871514645638
2024-10-14,-2.2598,6.0028087e-05,666.6009854649637
2024-10-14,-2.2154,0.0002671352,665.2644311345096
2024-10-14,-2.0201,0.00018347494,665.9177347180014
2024-10-14,-1.0586,8.047426e-05,664.1262949718467
2024-10-14,0.3136,0.00018600718,664.8041517708668
2024-10-14,-1.6919,0.0001471391,667.8464905416097
2024-10-14,-1.3968,0.00020293245,663.7589327892385
2024-10-14,1.0497,0.00025434507,668.3493148722421
2024-10-14,-1.0919,0.0005667018,664.6308290414424
2024-10-14,-1.1001,0.00071589474,664.9490508336796
2024-10-14,-0.6714,0.00020325083,662.6052287083858
2024-10-14,-1.5915,0.00011738427,674.2133304187281
2024-10-14,-1.0475,0.00017642634,663.8124487714423
2024-10-14,-1.9186,0.00043041294,666.6245736581109
2024-10-14,-0.7858,0.00035838244,662.6968444708505
2024-10-14,-0.5907,0.00023757225,664.1387475531819
2024-10-14,-1.2469,0.00027152442,664.2209215326166
2024-10-14,-2.3089,0.00026840201,667.3681894612712
2024-10-14,-0.5613,8.541716e-05,662.9774790778808
2024-10-14,-1.7979,9.375954e-05,665.2057278904874
2024-10-14,-1.0183,0.00011400146,663.7138583890903
2024-10-14,-1.6184,0.00027219692,671.5032439021674
2024-10-14,-1.35,8.27942e-05,670.3038110230615
2024-10-14,0.6728,6.571206e-05,662.7196834910442
2024-10-14,-1.2367,0.00010715364,670.9142683458886
2024-10-14,-0.3448,8.8887515e-05,664.3287291439366
2024-10-14,-1.6912,7.918428e-05,665.9623930200585
2024-10-14,-3.8091,0.00017332267,678.581132714414
2024-10-14,-2.2885,0.000308172,666.2997133350915
2024-10-14,0.0748,8.6172025e-05,664.1628247707707
2024-10-14,-0.8534,6.2744846e-05,662.8531789161957
2024-10-14,-2.2018,0.00013011124,665.6378047928266
2024-10-14,-1.8665,0.00011462332,665.1585910230604
2024-10-14,-2.2332,0.0001312727,666.7343386687071
2024-10-14,-2.3781,0.0001467053,666.6578281035523
2024-10-14,-1.1699,0.0001854249,663.1427716525454
2024-10-14,-0.76,0.00017868755,664.4401383624453
2024-10-14,-1.4261,0.00012172114,663.9268118071432
2024-10-14,-0.4551,5.4504097e-05,663.9696713629669
2024-10-14,1.8006,0.00017974939,665.493805295856
2024-10-14,-0.8264,0.00010612652,668.176276739881
2024-10-14,-0.5469,6.098395e-05,663.7636047339807
2024-10-14,-2.4747,5.793438e-05,668.0086827036757
2024-10-14,1.0931,0.0006464878,663.289983564062
2024-10-14,-1.6479,0.00041934982,665.832652475503
2024-10-14,-0.4447,0.00032021326,664.7801454729178
2024-10-14,1.7999,0.00055206695,671.431733956056
2024-10-14,-2.3483,0.00025185684,672.229149945309
2024-10-14,-1.8067,9.887744e-05,665.4517018441456
2024-10-14,-2.2246,0.00013388987,666.1550077903057
2024-10-14,0.9765,0.00011349417,663.2197164170825
2024-10-14,-1.722,8.229727e-05,664.8861468608939
2024-10-14,-0.9274,0.0008270113,663.4189054555449
2024-10-14,1.3371,0.00060879067,663.8499522752775
2024-10-14,-1.1937,0.00035810043,674.2606787897992
2024-10-14,-1.7159,0.00028284843,672.4409354226727
2024-10-14,0.2937,0.00031096264,664.0027900031437
2024-10-14,-1.5194,0.00045329068,664.5345673404245
2024-10-14,1.8782,0.0003337465,665.8695030981694
2024-10-14,-1.2953,0.00037793172,664.6570143152194
2024-10-14,-0.6749,0.00040107904,664.8517166294744
2024-10-14,1.7821,0.0006771574,665.7469277992807
2024-10-14,-0.0106,0.00068020343,662.0447981190368
2024-10-14,-0.4599,0.00027048422,664.6684604518521
2024-10-14,-0.5542,0.0003184034,662.3269563996066
2024-10-14,-0.4049,0.00068891863,664.5080863639339
2024-10-14,-0.8401,0.00019026759,670.2783264607749
2024-10-14,-2.4258,0.00017636672,665.7022015965565
2024-10-14,0.5616,9.033294e-05,662.9784014483123
2024-10-14,-1.4923,5.836044e-05,664.4401094418108
2024-10-14,1.1611,4.6768986e-05,665.504348995798
2024-10-14,1.2467,7.971536e-05,664.5926704800147
2024-10-14,-0.8712,0.00017635748,662.7764087963304
2024-10-14,-2.0334,9.378758e-05,665.3584671174076
2024-10-14,-0.8672,3.960941e-05,669.6276655069057
2024-10-14,1.5882,4.8900612e-05,668.3586319890562
2024-10-14,-0.2619,5.8242986e-05,662.4689511377139
2024-10-14,0.0842,5.076734e-05,662.8828077479134
2024-10-14,-0.6203,5.576044e-05,670.2555834961446
2024-10-14,1.1985,8.032834e-05,663.8116589611985
2024-10-14,1.8983,0.00011714046,667.9678671311583
2024-10-14,-1.3905,3.7210815e-05,669.1344875805073
2024-10-14,-1.0144,6.9788504e-05,663.0185461347032
2024-10-14,-1.6707,3.5677447e-05,664.009671120522
2024-10-14,0.7949,0.00023574283,662.8046325633886
2024-10-14,-0.9069,0.000198325,664.5949084255806
2024-10-14,-0.9966,0.00021015447,663.0985010868008
2024-10-14,-1.2128,0.00010491617,663.4927219293018
2024-10-14,-2.2265,0.00030381858,665.420032108118
2024-10-14,-0.8998,0.000113788585,666.355805161146
2024-10-14,-1.7862,9.68932e-05,665.8172911682125
2024-10-14,-0.5018,4.921093e-05,662.8922166213969
2024-10-14,-0.7352,4.2044117e-05,663.041215565771
2024-10-14,1.2854,0.0001527607,664.9106327495863
2024-10-14,-2.9679,7.172514e-05,669.5580483326635
2024-10-14,-2.081,9.600497e-05,670.739746069095
2024-10-14,-1.1595,0.000110975605,663.2848928320777
2024-10-14,-0.668,0.000114196926,662.447736697176
2024-10-14,1.0172,8.860352e-05,663.9009489335762
2024-10-14,-2.189,7.072858e-05,665.1945214431679
2024-10-14,-1.0009,6.9592636e-05,669.6703220849688
2024-10-14,0.9276,0.00017043047,662.9389303280868
2024-10-14,1.3339,0.00010852662,663.7831162297714
2024-10-14,-1.752,0.000116042014,665.2345424845662
2024-10-14,-2.0781,4.7161877e-05,681.9853372001232
2024-10-14,-1.0498,6.218984e-05,664.908006732438
2024-10-14,-0.8858,0.00020483018,665.2425260385885
2024-10-14,-0.6964,0.00011260406,662.6560344872781
2024-10-14,-1.0358,0.00011328395,662.9254217601524
2024-10-14,-0.4838,5.718839e-05,663.8843384795666
2024-10-14,-2.7441,6.3349136e-05,669.8799782855742
2024-10-14,1.3965,7.3503856e-05,663.7355314892354
2024-10-14,-3.2845,6.9425434e-05,671.8683508143251
2024-10-14,-1.1241,4.5231656e-05,663.5638937242144
2024-10-14,-1.384,0.0002902788,664.0164434594799
2024-10-14,-1.038,0.00022434199,663.2780293506546
2024-10-14,-0.8489,0.00019563512,665.8084703616462
2024-10-14,1.2579,6.068356e-05,663.505460982549
2024-10-14,-1.3871,0.00016212708,665.404455200088
2024-10-14,-1.2784,0.000104425344,677.3479614140925
2024-10-14,-1.399,4.4448916e-05,664.8284016046847
2024-10-14,2.0344,0.000121658464,666.1623995607168
2024-10-14,-0.7232,7.603892e-05,664.1245953064728
2024-10-14,0.9919,5.0549956e-05,663.0791728934743
2024-10-14,1.9651,0.0001246512,665.3232619391065
2024-10-14,2.2755,8.2474304e-05,665.8827008239919
2024-10-14,-0.9963,0.00012122352,663.3121787081028
2024-10-14,-2.6977,0.00020294359,667.2957795073537
2024-10-14,-2.1317,8.191287e-05,672.2604178879063
2024-10-14,-0.5905,0.0001005246,662.4712020921904
2024-10-14,-1.1531,8.9735746e-05,663.3496493581442
2024-10-14,1.7325,0.00015524337,664.8958751069455
2024-10-14,-1.2198,6.667951e-05,663.9669415092799
2024-10-14,-1.7075,6.237547e-05,666.3611615560778
2024-10-14,1.3532,6.901026e-05,665.416256430733
2024-10-14,-1.1742,0.0001423128,667.2693461365419
2024-10-14,-2.0453,0.00013766316,670.6462790100538
2024-10-14,1.3805,0.00019018698,663.5337983573455
2024-10-14,-2.2673,9.028581e-05,666.4766185905203
2024-10-14,-2.4031,0.0005660185,674.3420779773523
2024-10-14,1.7448,0.00010973984,665.8370956535402
2024-10-14,-0.8784,0.00024558097,665.8509436401832
2024-10-14,-3.2716,0.00030114502,670.1286398623554
2024-10-14,-1.2649,0.00012005159,663.3486120836742
2024-10-14,-1.0475,5.135179e-05,663.2252416642393
2024-10-14,1.5414,0.00010085002,664.6919257285792
2024-10-14,-0.8832,7.817602e-05,662.7022407035715
2024-10-14,-0.7058,8.356271e-05,662.9978784646671
2024-10-14,-1.6693,6.4218344e-05,669.4144794514677
2024-10-14,-2.154,8.501749e-05,666.8882960819021
2024-10-14,-1.3994,0.000103329345,664.3490468580861
2024-10-14,-0.8165,0.00026227196,663.0330150108372
2024-10-14,0.143,6.870189e-05,664.1106909775712
2024-10-14,-1.7042,0.00029737278,664.1755780627483
2024-10-14,1.6731,6.577071e-05,664.1882154962573
2024-10-14,0.6346,7.564789e-05,664.3248620022155
2024-10-14,-2.2436,0.00033010525,665.4556373366377
2024-10-14,1.9846,0.00028358414,664.8870237397965
2024-10-14,-1.0065,7.504526e-05,663.9695588715263
2024-10-14,-0.9443,0.00022856714,669.1299687436956
2024-10-14,-2.4332,0.00013661035,666.5448251845771
2024-10-14,0.6838,0.00071539695,664.0783408677974
2024-10-14,-3.1041,0.0002990139,668.4659383474453
2024-10-14,-2.6871,0.0003235577,667.0569674567362
2024-10-14,-0.6703,0.00038686328,663.372931540732
2024-10-14,2.1289,0.00041081762,665.330942208227
2024-10-14,-1.5741,0.00047684065,671.7119927765209
2024-10-14,-0.9062,0.00039544262,663.3535123412829
2024-10-14,-1.8015,0.00062247395,672.6539069593294
2024-10-14,-0.4641,0.0005114764,662.2621254726057
2024-10-14,-2.4427,0.00040843725,665.9512177803647
2024-10-14,-1.1031,0.00043217425,663.9185734250847
2024-10-14,-0.6762,0.0003370451,662.5079556673466
2024-10-14,-1.5538,0.0002672787,664.599515256319
2024-10-14,-1.2796,0.00022880724,666.7992176085529
2024-10-14,-2.9646,0.0004091858,670.129210552914
2024-10-14,-1.3371,0.00024367002,663.7726135597541
2024-10-14,-2.6013,0.00035049833,666.7498048254266
2024-10-14,-0.1757,0.00027606406,663.0796008663636
2024-10-14,-1.1758,0.00022798432,665.1069308376832
2024-10-14,-2.3408,0.00041483383,670.8310914887443
2024-10-14,-1.3774,0.00097362744,673.1689561990127
2024-10-14,-0.4233,0.0005543164,663.4134254429131
2024-10-14,-1.2934,0.00069799885,665.208313981589
2024-10-14,0.3263,0.00066674064,662.6187497440164
2024-10-14,-1.2996,0.00069904356,671.0803285604718
2024-10-14,-2.1011,0.00040270315,671.2757497813024
2024-10-14,0.5894,0.00038480185,663.1660491067264
2024-10-14,0.922,0.00014734911,662.9330062823061
2024-10-14,-2.5538,0.00019579339,669.0859052352021
2024-10-14,1.2418,0.00015462321,663.6962936351099
2024-10-14,-1.0358,0.00012843835,663.287008342098
2024-10-14,0.4383,0.000116496885,663.3305370442475
2024-10-14,-0.3415,0.00019930181,662.15445573742
2024-10-14,1.2351,0.00018305698,664.6007309970346
2024-10-14,-0.1318,0.00019870709,662.9090598387621
2024-10-14,-1.3134,0.00023950168,664.4547572113445
2024-10-14,-0.4462,0.00027115838,663.0514810258774
2024-10-14,1.5638,0.00018752766,664.6050083505481
2024-10-14,-1.0136,0.00011143819,671.7604213755553
2024-10-14,-1.115,0.0004098415,663.9344819367434
2024-10-14,-2.9441,0.0003660742,667.6549352472396
2024-10-14,-0.5707,0.00031634222,663.2278469102962
2024-10-14,-2.6154,0.00028626216,667.9801695252022
2024-10-14,-2.3322,0.00014454959,666.2953177646916
2024-10-14,-0.5486,6.379852e-05,663.7534495299097
2024-10-14,-1.0274,0.000112156835,665.5582319008093
2024-10-14,-1.0453,0.00023491206,664.6207164170382
2024-10-14,-2.4068,0.00032387092,666.1740280557433
2024-10-14,-0.4395,0.00030077173,663.8044118665553
2024-10-14,1.5739,0.00028494393,664.0290370000037
2024-10-14,0.176,0.00037452255,663.6333347797142
2024-10-14,-1.4995,0.000494872,666.1687505413565
2024-10-14,-0.4653,0.00084526435,663.1622038772464
2024-10-14,1.1834,0.0009067349,663.1978647995932
2024-10-14,-0.4261,0.0001977304,663.7752499201229
2024-10-14,0.219,9.345668e-05,664.4601898151029
2024-10-14,-1.8081,0.00020942722,665.8229350544826
2024-10-14,-0.7841,0.00011330923,666.7055048552468
2024-10-14,-1.1257,8.266325e-05,663.0780643263071
2024-10-14,-2.3968,4.9005484e-05,666.4608063862592
2024-10-14,-0.9861,0.0003542839,663.0465350196303
2024-10-14,-2.6479,0.00015339837,669.3765462852484
2024-10-14,1.2622,0.0001042942,663.5282399619762
2024-10-14,0.2278,0.0014830775,662.377096962
2024-10-14,-0.6116,0.00063989154,664.7433560253485
2024-10-14,-0.3804,0.00043963623,662.2740199497243
2024-10-14,-0.561,0.0007634516,664.4412954015711
2024-10-14,-0.8662,0.0010185649,662.9378629427044
2024-10-14,-0.8547,0.00048204933,669.2814605335896
2024-10-14,1.6375,0.00047052818,667.5092635809156
2024-10-14,-1.0381,0.0008654656,663.1155838886011
2024-10-14,-1.3954,0.00081280054,663.8371656159258
2024-10-14,-0.5736,0.0006588947,662.5189823663052
2024-10-14,-1.0165,0.00050249876,663.8327754919576
2024-10-14,-2.0471,0.0006549587,664.9342686605715
2024-10-14,-2.9657,0.00055389595,668.7165649748517
2024-10-14,1.994,0.0007357264,666.3622414812544
2024-10-14,0.0936,0.0007084179,662.5054618784326
2024-10-14,-0.807,0.00053900166,664.170758892871
2024-10-14,-1.2173,0.0007400164,664.8447804026474
2024-10-14,-0.8123,0.0007624708,665.6201293634699
2024-10-14,-1.3854,0.00063585036,663.4818954435216
2024-10-14,-1.1072,0.0005416649,667.5873918615963
2024-10-14,-2.0892,0.0006442706,666.9155307373865
2024-10-14,-1.3686,0.0007102638,665.3706556139807
2024-10-14,-1.4624,0.00047612516,670.19731767201
2024-10-14,-0.4266,0.00032689783,662.4132965087462
2024-10-14,-0.8386,0.0004743552,664.8356258448839
2024-10-14,0.4911,0.00021711775,663.024534620112
2024-10-14,-0.8864,0.0002477236,665.4959245336117
2024-10-14,1.8479,0.00018378178,668.3896104112398
2024-10-14,-0.8283,0.00019373464,667.6507393983516
2024-10-14,-0.9564,0.000138753,664.1752137857691
2024-10-14,-0.8082,0.00024451694,664.6973706048941
2024-10-14,-3.2083,0.0003204715,668.9739241379823
2024-10-14,1.5553,0.000116041316,663.908279575504
2024-10-14,-0.5566,0.00014625413,664.1936466060998
2024-10-14,-1.3324,0.00031530307,664.5638463896933
2024-10-14,-1.8299,0.00021353908,664.9294139081474
2024-10-14,-0.0831,0.00014778029,664.1132068523846
2024-10-14,-1.9589,0.00048251273,665.1999073070881
2024-10-14,-0.2545,8.9828514e-05,662.125245633337
2024-10-14,-1.2056,8.071352e-05,663.9053468840244
2024-10-14,0.5491,0.0001306597,663.0049577582768
2024-10-14,-0.9058,0.00014666938,663.2595947670407
2024-10-14,-2.017,0.00017698243,671.3436051830502
2024-10-14,-0.9222,9.085561e-05,663.1193553898308
2024-10-14,-0.4757,0.00048162974,663.8401155630883
2024-10-14,-1.4889,0.0009526758,668.4212511368073
2024-10-14,-0.2599,0.0006751478,663.0170697476738
2024-10-14,-2.8465,0.0004892784,668.0095020945612
2024-10-14,-0.0446,0.00039586713,663.0249937736639
2024-10-14,-0.9827,0.00026210333,663.6863408003126
2024-10-14,-1.2926,0.00027712388,666.0449376842345
2024-10-14,0.5989,0.00040608793,662.6735737253401
2024-10-14,-1.4122,0.00030697352,663.976827874433
2024-10-14,-1.4613,0.00020826531,671.4537683349379
2024-10-14,-0.689,0.00029559474,662.7512784817295
2024-10-14,-0.1687,0.00025967197,662.5877266823741
2024-10-14,-2.1146,0.0003104015,668.3738782809512
2024-10-14,-0.2366,0.00040128504,662.3479632906361
2024-10-14,-1.2528,0.0008259344,666.3477395576492
2024-10-14,-0.3666,0.00039722485,663.9875178407443
2024-10-14,-1.8232,0.00017515851,667.6626724953139
2024-10-14,-0.6063,0.00025674782,678.2814817978153
2024-10-14,-2.087,0.00010888125,666.4134533484548
2024-10-14,0.5113,0.00019377883,662.3950132981278
2024-10-14,-1.4505,0.00015279977,663.6161386019205
2024-10-14,-1.1367,0.00013697322,663.5354707656884
2024-10-14,-0.7921,7.2741066e-05,669.0184346223832
2024-10-14,-1.33,0.00018007771,665.5757444354989
2024-10-14,-2.073,0.00020775659,664.898061967484
2024-10-14,-1.9535,0.00035673418,672.360677680388
2024-10-14,-2.2134,0.0011605936,668.1476832846603
2024-10-14,-0.0115,0.00085823704,662.0397695692318
2024-10-14,-0.163,0.0007091831,662.3570889921516
2024-10-14,-1.605,0.00036090973,665.1725235235263
2024-10-14,-1.0645,0.00053221255,664.8698669625752
2024-10-14,-1.2539,0.00046052499,663.3258545122021
2024-10-14,-0.8281,0.00044359354,663.6516067135109
2024-10-14,0.0593,0.00059298374,662.0119345960483
2024-10-14,-1.2177,0.00064830645,663.3352642104314
2024-10-14,-1.7758,0.0006416052,667.0809297751985
2024-10-14,-1.3637,0.00038051748,664.4389898869898
2024-10-14,-2.015,0.0002597092,666.6699570188362
2024-10-14,-1.9088,0.00023331717,666.7992243587557
2024-10-14,-2.9116,0.00037658607,667.7209047090764
2024-10-14,-1.5227,0.00035584567,663.7754339019934
2024-10-14,-1.4249,0.00017357188,664.5385567058465
2024-10-14,-0.469,0.00030479016,662.7559436498459
2024-10-14,-1.2871,0.0001575701,664.363294861704
2024-10-14,0.0595,0.00022778501,662.8523606835108
2024-10-14,-1.0359,0.00019266605,670.3948894082822
2024-10-14,-1.4011,0.00017852457,664.5735672723135
2024-10-14,0.4521,0.00011716251,663.7040687376817
2024-10-14,-2.2724,0.00032991852,666.4244416000267
2024-10-14,-1.9159,0.00017072078,664.6561415090846
2024-10-14,-1.3304,0.00017338566,663.4708296853071
2024-10-14,-1.7974,0.00010085348,664.9201158120445
2024-10-14,-2.0074,0.00014024475,665.877854350924
2024-10-14,-0.889,8.031505e-05,662.9191893017268
2024-10-14,-1.2772,0.00013491604,663.6677174867796
2024-10-14,-0.6439,0.00017633989,663.5448566320811
2024-10-14,-2.807,0.000141583,668.5872754879775
2024-10-14,0.2816,0.00018279745,663.3318452956712
2024-10-14,-2.5397,0.00012285469,667.1353539779501
2024-10-14,-2.1184,0.00019020271,665.5783707298688
2024-10-14,-1.3217,9.8988225e-05,664.1255005925536
2024-10-14,-1.1792,5.163414e-05,663.5772865984778
2024-10-14,-1.5942,0.00015140398,664.5778872265125
2024-10-14,-0.676,0.00021836476,663.0235248721061
2024-10-14,-1.8977,0.00021625431,667.6571678877986
2024-10-14,-0.2607,5.9331003e-05,662.0712492322962
2024-10-14,1.2664,5.3425207e-05,663.6631358581465
2024-10-14,-0.8354,0.00033755988,663.803898402113
2024-10-14,-2.0715,0.000114591676,671.5391979477548
2024-10-14,-0.5231,0.0001037175,665.1770595632834
2024-10-14,0.6681,0.000107089756,663.8056996655673
2024-10-14,-1.989,0.00021489632,670.3830864366196
2024-10-14,-2.7808,0.00015670797,668.0839472803349
2024-10-14,-1.6451,0.00026566884,668.6466798233034
2024-10-14,-0.8303,8.7314016e-05,666.6057952915987
2024-10-14,-0.6491,0.00013601087,664.3057593158662
2024-10-14,-2.1547,0.00040988682,668.5595380513114
2024-10-14,-1.9457,0.0003269029,665.3922418607149
2024-10-14,-2.4034,7.656981e-05,666.117381070848
2024-10-14,1.2937,6.346014e-05,666.0023956074568
2024-10-14,-1.0884,7.16136e-05,663.4045028144415
2024-10-14,1.3919,2.6348896e-05,664.8543250555645
2024-10-14,-2.2992,3.4195717e-05,667.6425515099444
2024-10-14,-1.0451,5.3062704e-05,664.8455767680039
2024-10-14,-1.2999,4.4343262e-05,664.5890432050318
2024-10-14,-1.2264,0.00017013072,667.0510695933135
2024-10-14,1.8375,0.00015149257,664.5025656134806
2024-10-14,1.5294,5.0414612e-05,663.7549247428983
2024-10-14,-1.3711,0.00042983884,664.2363504539608
2024-10-14,-1.6121,0.00030382304,672.952027236216
2024-10-14,-1.9655,0.0001177295,665.1398177828708
2024-10-14,-2.0472,0.00015048041,665.1515448792666
2024-10-14,1.3878,0.00025982456,665.1044539571997
2024-10-14,-1.4934,0.00013493637,663.6975937685953
2024-10-14,-2.5292,0.00019017761,667.2537734658558
2024-10-14,0.9455,0.0001303773,663.1090071153269
2024-10-14,-1.3005,8.673717e-05,664.5530422755764
2024-10-14,-0.6799,8.90023e-05,662.4858417796161
2024-10-14,-2.0663,0.00013771828,666.3911751713956
2024-10-14,2.3263,0.00023393764,667.6441362307605
2024-10-14,-2.2463,7.505452e-05,665.3540814041844
2024-10-14,-0.2723,0.000107801156,662.6840404272355
2024-10-14,1.3878,8.183022e-05,664.3143164674373
2024-10-14,-0.9549,5.0370076e-05,665.8145610946488
2024-10-14,-1.0316,3.351304e-05,664.5467809922068
2024-10-14,-1.4266,7.513913e-05,672.1492761024608
