process_date,balance,lstm_score,pyod_score
2025-02-03,4123.9,0.00011780815,9.257594979571081
2024-10-14,2992.39,0.0011008673,9.122131457624771
2025-04-01,664196.33,0.00014408406,8.762521143001724
2025-04-02,664196.33,0.00014390491,8.762521143001724
2024-11-04,8261.02,0.0002448191,8.166690767560702
2024-11-05,8261.02,0.00011758304,8.166690767560702
2025-02-25,6065.32,0.00018864458,8.989255130619071
2025-02-26,6065.32,9.868664e-05,8.989255130619071
2025-03-27,2896.7,0.00086212874,8.685554313055965
2025-04-13,574659.01,0.00046530203,7.970430604006841
2025-01-20,8757.7,0.000112057794,7.710252679542588
2025-01-21,8757.7,9.571349e-05,7.710252679542588
2025-04-25,7989.31,0.0005437616,8.95881819661985
2025-04-26,7989.31,0.0005391109,8.95881819661985
2024-11-03,8858.35,0.00030971374,8.018919458081125
2025-04-02,2394.67,0.00010867261,7.827623952342226
2025-03-21,1102733.4,0.0003526479,8.508676900420605
2024-11-29,306743.24,9.538643e-05,8.35983435750554
2024-11-30,306743.24,0.00016068682,8.35983435750554
2024-12-01,306743.24,0.00016897687,8.35983435750554
2025-05-01,949854.5,0.003969033,8.198712866492322
2025-05-02,949854.5,0.0039666034,8.198712866492322
2025-05-03,949854.5,0.0039783437,8.198712866492322
2025-01-29,405046.81,0.0018740266,7.846198258639276
2025-02-04,405046.81,0.0008901352,7.846198258639276
2025-02-05,405046.81,0.000102754544,7.846198258639276
2025-03-30,954358.36,0.00027689445,8.108965103797576
2025-03-31,954358.36,0.00027451816,8.108965103797576
2025-04-01,954358.36,0.00026679676,8.108965103797576
2024-10-13,828610.21,0.00014616083,8.310507037978965
2024-12-16,1121777.92,0.0030555476,8.101886742281156
2024-11-29,15505.63,0.0006055112,7.7011961182372755
2024-11-30,15505.63,0.00060233165,7.7011961182372755
2025-02-23,8798.5,0.00021591657,8.118264017183805
2024-11-27,2871.11,0.0005490536,9.003584592576749
2024-11-28,2871.11,0.0005570372,9.003584592576749
2024-12-07,2871.11,0.0005577376,9.003584592576749
2024-12-08,2871.11,0.0005589334,9.003584592576749
2025-01-13,859239.61,0.00010277559,8.168918774117543
2025-01-14,859239.61,0.000110562265,8.168918774117543
2025-01-14,8045.63,9.487725e-05,7.854303094811725
2025-01-15,8045.63,9.107888e-05,7.854303094811725
2025-01-27,946294.07,0.00060024776,9.563733311499226
2025-01-28,946294.07,0.0005857399,9.563733311499226
2025-01-20,8323.46,0.00019778527,7.817605713751624
2024-11-21,2772.89,0.0020136905,7.77331637779268
2025-04-15,5916.18,0.00025178288,9.682690628904062
2024-11-20,770122.61,0.00010978333,8.307093288319141
2024-11-21,770122.61,9.990452e-05,8.307093288319141
2024-11-22,770122.61,0.00010512415,8.307093288319141
2024-12-16,616858.78,0.0002217056,7.832378007779234
2025-02-19,3498.95,0.00013723667,8.307295099713695
2025-04-17,2709.41,0.00036581265,11.930886153941183
2025-02-20,1561.36,0.00024563103,10.522588691978196
2025-02-21,1561.36,0.00024219675,10.522588691978196
2025-02-22,1561.36,0.00023536223,10.522588691978196
2025-02-23,1561.36,0.0002469466,10.522588691978196
2025-04-25,702313.43,0.002796736,8.06853153835348
2025-04-26,702313.43,0.002833274,8.06853153835348
2025-05-01,702313.43,0.0027259747,8.06853153835348
2025-02-26,1840462.77,0.0018807361,9.270347620751076
2025-02-27,1840462.77,0.00027569928,9.270347620751076
2025-02-28,1840462.77,0.00026589812,9.270347620751076
2025-01-30,5588.0,0.00042899261,8.465084552181057
2025-01-06,1668.87,0.000603155,10.179309863238437
2025-01-07,1668.87,0.00059818686,10.179309863238437
2025-01-08,1668.87,0.00013812934,10.179309863238437
2025-01-09,1668.87,0.00012612563,10.179309863238437
2024-12-21,1261945.03,0.0005944601,8.516103425398306
2025-04-16,4368.25,0.00076411286,10.455331918283498
2025-04-17,4368.25,0.0002630578,10.455331918283498
2024-11-12,1901.36,0.00039976748,10.28555744494529
2024-11-13,1901.36,0.00017908929,10.28555744494529
2025-02-15,2816.41,0.00013811332,9.283426531925214
2025-02-16,2816.41,0.00012609552,9.283426531925214
2025-02-17,2816.41,0.0009740203,9.283426531925214
2024-11-29,312428.93,0.00016350257,8.401482513255951
2024-11-12,1160425.93,0.00024611974,11.065796205425622
2024-12-09,715286.9,0.0008787975,8.278970075999805
2024-12-04,868095.69,0.0007658937,10.974601916565287
2025-04-18,1811.13,0.0001237667,13.525210428565234
2025-04-02,1471933.37,0.00065757905,8.380912316473538
2025-04-18,9456.87,0.0003456829,8.597465145835418
2025-04-30,9456.87,0.000114103816,8.597465145835418
2024-11-30,13668.09,0.0011014583,7.924578482651518
2024-12-01,13668.09,0.00020746342,7.924578482651518
2024-12-02,13668.09,0.00019682603,7.924578482651518
2025-04-15,512801.21,0.00024552326,9.449066206558559
2025-04-16,512801.21,0.00025712082,9.449066206558559
2025-04-17,512801.21,0.00026097728,9.449066206558559
2025-04-18,512801.21,0.00025215917,9.449066206558559
2025-04-19,512801.21,0.00025581798,9.449066206558559
2025-04-20,512801.21,0.00025762105,9.449066206558559
2025-04-21,512801.21,0.00025697958,9.449066206558559
2025-04-22,512801.21,0.00023822853,9.449066206558559
2025-04-23,512801.21,0.00023122157,9.449066206558559
2025-04-21,490114.23,0.008346598,9.340818428251612
2024-11-06,2361580.78,0.00047287418,9.625672117824598
2025-01-13,2051.07,0.00015600299,11.913031433552984
2025-01-15,2051.07,0.00052040466,11.913031433552984
2025-04-15,12239.56,0.00034774852,8.070606908835039
2024-12-03,863980.48,0.00020210698,8.286511054548317
2025-04-20,11028.45,0.0007073001,8.270807631239881
2025-04-16,485164.33,0.0003413352,9.318334692841699
2024-10-15,4350.53,0.00039012564,8.648613051384544
2024-10-16,4350.53,0.00016028609,8.648613051384544
2025-01-01,1285375.1,0.00013798705,9.192502775508796
2025-01-02,1285375.1,0.00013350265,9.192502775508796
2025-01-03,1285375.1,0.00013405898,9.192502775508796
2025-01-04,1285375.1,0.00014589285,9.192502775508796
2025-03-06,2230.04,0.00023898244,8.355736595718525
2025-03-07,2230.04,0.00023096811,8.355736595718525
2025-01-24,5671.38,0.00010786677,8.204164930207748
2025-01-25,5671.38,0.000103268314,8.204164930207748
2024-12-01,293451.96,0.00080784777,8.27051718949722
2025-01-17,7570.99,0.00031857812,7.992419624906301
2025-01-18,7570.99,0.00045739108,7.992419624906301
2025-01-20,7570.99,0.00044819323,7.992419624906301
2025-02-02,1741.25,0.00012618936,9.270982895200923
2025-02-03,1741.25,0.00012309647,9.270982895200923
2024-12-16,1536082.18,0.00015777738,10.529238741310827
2025-05-06,2543.04,0.00031975587,9.159153382979406
2025-05-08,2543.04,0.00033686223,9.159153382979406
2025-04-21,9562.48,0.0004568292,8.574426245997836
2025-01-28,1885.39,0.0001766417,11.008204273182209
2025-01-29,1885.39,0.00017922156,11.008204273182209
2025-03-31,641901.68,0.00019404433,8.671089220916226
2024-11-12,6223.55,0.0004041524,8.831667071153952
2024-11-14,6223.55,0.0004179046,8.831667071153952
2025-03-09,1889360.24,0.00026495458,9.321178920928126
2025-03-12,1889360.24,0.00025618868,9.321178920928126
2025-05-06,2267.34,9.236517e-05,8.459944398649634
2025-05-07,2267.34,8.237068e-05,8.459944398649634
2025-04-14,808491.26,0.00020520258,7.721502872460581
2025-02-08,4115.89,0.0006667086,8.234630232112096
2025-02-09,4115.89,0.0006668469,8.234630232112096
2025-04-18,443903.47,0.0002608882,9.117402923494156
2025-01-28,6661.92,0.00013823551,8.032580958864525
2025-04-27,633626.62,0.00040201907,8.022697717220323
2025-02-15,2754.17,0.0007802222,7.850388261855509
2024-11-05,538302.98,0.001409195,8.845857457255153
2024-11-11,952178.69,0.0005589955,8.083644312469655
2025-02-25,6332.92,0.00018326218,8.880192694235575
2025-02-26,6332.92,0.00017216548,8.880192694235575
2025-03-11,981805.81,0.00010997716,9.65887710635953
2025-03-12,981805.81,0.00013870778,9.65887710635953
2025-01-13,544489.41,0.032500405,8.50915968897657
2025-01-14,544489.41,0.00013270717,8.50915968897657
2025-01-15,544489.41,0.0001170518,8.50915968897657
2025-01-16,544489.41,0.00010181046,8.50915968897657
2025-01-17,544489.41,9.517899e-05,8.50915968897657
2024-12-09,1440717.77,0.00011508351,8.806768047388385
2024-12-10,1440717.77,0.000107785985,8.806768047388385
2025-03-25,834761.57,0.00051654445,7.787677283881408
2025-04-16,11942.26,0.0006311393,8.11364409927571
2025-02-15,880034.82,0.00044803743,8.431157658815989
2025-03-28,2432.57,9.819307e-05,9.250166246223088
2025-03-29,2432.57,9.818733e-05,9.250166246223088
2024-11-03,10019.58,0.00041833034,7.754302360897042
2024-12-13,1183411.02,0.00026004156,7.707325142281963
2024-12-14,1183411.02,0.0002630503,7.707325142281963
2024-12-06,781000.08,0.00042822008,8.574429749392033
2024-11-03,10018.17,0.00018286842,7.754987965512878
2024-11-04,10018.17,0.00017976965,7.754987965512878
2025-01-12,2060438.82,0.00020065137,10.480878207182133
2025-01-13,2060438.82,0.00019367991,10.480878207182133
2024-12-07,621622.64,0.0006340093,7.89484276482315
2024-12-08,621622.64,0.00063808745,7.89484276482315
2024-12-09,621622.64,0.00012318169,7.89484276482315
2024-12-10,621622.64,0.00023113082,7.89484276482315
2024-10-11,4517.15,0.00022026183,7.891334168422433
2025-01-25,487597.23,0.00012053289,8.27980432643541
2025-01-26,487597.23,0.00012651777,8.27980432643541
2025-04-01,1604811.63,0.00027684006,8.324227499988234
2024-11-07,7066.75,0.0021554974,8.528753362620698
2024-11-11,7066.75,0.0019595397,8.528753362620698
2024-11-12,7066.75,0.0014371186,8.528753362620698
2024-11-13,7066.75,0.0013746616,8.528753362620698
2024-11-15,7066.75,0.0013618015,8.528753362620698
2025-03-22,5555.36,0.00011382394,7.937661611625458
2025-04-03,2571.56,0.00047094995,10.706433758932931
2025-03-22,1992384.95,0.00041901102,11.60934458013992
2025-02-06,1430896.47,0.0013167878,9.67136539665293
2024-10-15,2880.77,8.496686e-05,9.265232301265444
2025-04-02,823814.9,0.0018317784,9.428059563830821
2025-04-03,823814.9,0.00044413464,9.428059563830821
2025-01-13,7638.2,0.00028635742,7.96770042818277
2025-01-16,7638.2,0.00040600236,7.96770042818277
2025-01-18,7638.2,0.00033507633,7.96770042818277
2024-11-30,233939.44,0.00050650985,7.8474221117391405
2024-11-06,3451.53,0.00090736995,10.448783340164631
2024-11-07,3451.53,0.00090133597,10.448783340164631
2024-10-12,697274.06,0.0007999536,7.772976643454337
2024-10-13,697274.06,0.0008079808,7.772976643454337
2024-12-01,5212.22,0.005455013,10.056369283642656
2024-12-02,5212.22,0.0021772608,10.056369283642656
2024-11-08,6773.96,0.0008114501,8.62683289865743
2024-12-04,1506978.76,0.0002297946,9.942432325053936
2024-11-05,6944.65,0.0022303406,8.57282897999956
2024-11-09,6944.65,0.0021245654,8.57282897999956
2024-11-13,2777.13,0.0018217573,7.985006234751209
2024-11-14,2777.13,8.442081e-05,7.985006234751209
2024-11-15,2777.13,9.677456e-05,7.985006234751209
2025-03-04,491089.24,0.0006249683,8.71287486827621
2025-03-05,491089.24,0.00063519593,8.71287486827621
2025-03-12,491089.24,0.00062749983,8.71287486827621
2025-03-13,491089.24,0.0005805686,8.71287486827621
2025-03-15,491089.24,0.0005741437,8.71287486827621
2025-02-21,3283.24,0.00067333813,7.850607800539219
2025-02-25,3283.24,0.00067851733,7.850607800539219
2025-02-26,3283.24,0.0006416363,7.850607800539219
2025-02-27,3283.24,0.00063979946,7.850607800539219
2024-12-03,294654.7,0.0024587202,8.280571254699122
2024-12-04,294654.7,0.0024363983,8.280571254699122
2024-12-05,294654.7,0.0005332825,8.280571254699122
2024-12-06,294654.7,0.00052708766,8.280571254699122
2025-01-14,5760.61,0.00045360383,8.659580569969403
2024-11-13,811.66,0.0006934312,12.720379990335879
2024-11-14,811.66,0.0006967901,12.720379990335879
2024-11-29,324682.67,0.000113830625,8.47520052721349
2024-11-15,975733.23,0.0017309757,8.162156840535427
2024-11-06,9604.33,0.00012189082,7.844792320669385
2024-11-11,1867905.5,0.0022581813,10.185042486920988
2024-11-15,1867905.5,0.0042407606,10.185042486920988
2025-01-08,4274.93,0.0004301289,7.813666642844734
2025-01-09,4274.93,0.00029592807,7.813666642844734
2025-01-21,4274.93,0.00031996873,7.813666642844734
2025-04-20,7326.73,0.00017834821,9.157844307401655
2024-11-30,1439.37,0.00048121213,10.004259118687491
2024-12-01,1439.37,0.00048170914,10.004259118687491
2024-12-02,1439.37,0.00048818116,10.004259118687491
2024-12-05,1439.37,0.00050473696,10.004259118687491
2024-12-27,3718.43,0.0003386724,8.30010979853796
2024-12-28,3718.43,0.0010122322,8.30010979853796
2025-03-23,890355.75,0.00078429625,9.082627025671254
2025-03-24,890355.75,0.0001367178,9.082627025671254
2025-03-25,890355.75,0.0001380025,9.082627025671254
2024-10-11,3811.98,0.00011344427,8.359574825692658
2024-10-12,3811.98,0.00010466905,8.359574825692658
2025-04-19,2199.91,0.00010234751,9.018330860163573
2025-04-20,2199.91,0.00010738829,9.018330860163573
2025-02-27,8369.68,0.00014704779,8.2202311618941
2025-03-04,8369.68,0.00011230392,8.2202311618941
2025-02-25,2272.37,0.00015085407,7.998265021524741
2025-04-15,13883.04,0.00021097364,7.836976784298664
2025-04-21,13883.04,0.00023814688,7.836976784298664
2024-11-05,339207.63,0.00041424745,7.793676608636118
2024-11-29,273682.3,0.0017138382,8.136702340504952
2024-11-30,273682.3,0.00015627623,8.136702340504952
2025-04-26,3978.77,0.00044161873,10.715162502510388
2025-04-06,2941.69,0.00074483606,7.796395696940619
2025-04-07,2941.69,0.0007507578,7.796395696940619
2025-02-07,937679.04,0.003892797,7.776493964024456
2025-02-08,937679.04,0.00018909835,7.776493964024456
2025-02-09,937679.04,0.00015973957,7.776493964024456
2025-01-31,5021.4,0.0014424284,8.72779330766648
2025-01-18,2715.74,0.00062460796,8.482188491812863
2025-01-02,3547.3,0.00031595805,7.782534675767645
2025-01-20,1370523.99,0.0007707883,11.226669509784314
2025-01-21,1370523.99,0.00036218573,11.226669509784314
2025-01-22,1370523.99,0.00040301555,11.226669509784314
2025-01-26,1566241.88,0.00022839641,9.318162805870811
2025-01-27,1566241.88,0.00023535865,9.318162805870811
2025-01-28,1566241.88,0.000237481,9.318162805870811
2024-11-04,7436.37,0.0051098745,8.40548409054204
2025-02-22,8033.82,0.00016577318,8.31214611545218
2025-01-13,4918.17,0.0001157485,9.06881061950306
2025-04-03,7046.52,0.00069906993,7.906490479312362
2025-01-24,3139.93,0.00070298766,10.371054683092845
2025-05-02,866874.51,0.0003184492,8.941473694238196
2025-05-03,866874.51,0.00032741393,8.941473694238196
2025-04-08,2236.61,0.000120785226,8.078426601313055
2025-04-09,2236.61,0.00011996273,8.078426601313055
2024-11-03,665874.68,0.00010237617,9.39948535570788
2025-01-13,2249505.4,0.00052718754,9.854621352022454
2024-11-30,222840.59,0.00021229034,7.7608349959702405
2025-04-15,13304.81,0.00021701836,7.912069287851267
2025-02-11,1237070.18,0.0003550002,7.938408251847286
2025-02-14,1237070.18,0.00038483908,7.938408251847286
2024-12-15,3353.73,0.00021151116,9.155614232931988
2025-04-16,228309.18,0.00082216394,7.743299164521273
2025-04-18,228309.18,0.0007585493,7.743299164521273
2025-04-19,228309.18,0.0002464682,7.743299164521273
2025-04-20,228309.18,0.00026262176,7.743299164521273
2025-02-22,2321.9,0.00087735534,8.92865496608006
2024-11-06,6218.31,0.00057271274,8.833211473005326
2024-11-10,6218.31,0.0003868335,8.833211473005326
2024-11-11,6218.31,9.2359776e-05,8.833211473005326
2024-12-01,405978.94,0.0018574062,8.964843003506711
2024-12-02,405978.94,0.001526453,8.964843003506711
2024-11-03,9540.3,0.00013113853,7.863014104871725
2025-04-25,637194.08,0.00027535248,8.038648016281023
2025-04-26,637194.08,0.00027098076,8.038648016281023
2024-11-03,365465.33,0.0005020323,7.955767893262678
2025-02-22,359296.1,0.0017191397,7.999920767759353
2025-01-26,1010877.53,0.0007009721,9.789509309216808
2025-04-20,7278.36,0.0006450508,9.175116840994363
2025-04-21,7278.36,0.0001829066,9.175116840994363
2025-04-22,7278.36,0.00015061135,9.175116840994363
2025-04-23,7278.36,0.00016070755,9.175116840994363
2025-01-09,1623869.5,0.001615031,8.364034272140225
2025-01-10,1623869.5,0.00020212188,8.364034272140225
2025-01-11,1623869.5,0.0002009144,8.364034272140225
2025-01-12,1623869.5,0.00033960107,8.364034272140225
2025-01-03,3906.19,0.0014515078,8.133240346302928
2024-12-20,3775817.27,0.00015841406,12.027672060918995
2024-10-11,1297.07,0.0011974587,10.651312205623125
2024-10-12,1297.07,0.00014256274,10.651312205623125
2024-10-13,1297.07,0.00012849257,10.651312205623125
2024-10-17,1429856.71,0.00047620907,8.16743045861072
2024-10-18,1429856.71,0.000115603565,8.16743045861072
2024-10-19,1429856.71,0.00012893692,8.16743045861072
2025-01-20,6063.97,0.0002752264,8.572849886124281
2025-01-21,6063.97,0.00027650385,8.572849886124281
2025-01-20,497075.55,0.00014547734,8.323896335837087
2025-03-25,4932.24,0.00016968831,8.242292474258967
2025-04-20,1903.08,0.0014820882,9.146975270480613
2025-04-22,7092.72,0.0010497884,9.23661181749202
2025-02-01,1997.05,0.0003709051,10.755838872655328
2025-02-02,1997.05,0.00013980074,10.755838872655328
2025-01-28,3848.82,0.0010045606,9.447593215142462
2025-05-04,2564.08,0.00029391644,7.8977247474508925
2025-05-05,2564.08,0.0002894504,7.8977247474508925
2024-10-11,2196874.73,0.0017218895,9.456471884860463
2025-01-05,1364767.63,0.00015514196,9.8046615783578
2025-04-16,241885.77,0.0017642478,7.848126445978815
2025-02-24,897668.59,0.0003335871,10.372883303886823
2025-04-27,4500.48,0.00010757512,8.174868527190112
2024-11-08,7571.68,0.00035960707,8.35958562353943
2024-11-30,1210103.56,8.209446e-05,8.518235492930243
2024-12-01,1210103.56,8.0848265e-05,8.518235492930243
2025-04-03,2344.47,0.00077084865,8.615933979863218
2025-04-04,2344.47,0.0007839532,8.615933979863218
2025-03-10,5205.59,0.0001113503,8.415922508962682
2024-12-02,2172.7,9.8316574e-05,8.890349516759892
2024-12-03,2172.7,0.00015192,8.890349516759892
2024-12-01,10751.56,0.00047006275,8.38401959196148
2025-04-14,810917.5,0.001538859,7.726953665417779
2024-12-14,2568.26,0.00024605697,10.030023768965624
2024-12-15,2568.26,0.00023348202,10.030023768965624
2024-12-16,2568.26,0.00023402536,10.030023768965624
2025-04-02,1467126.1,0.0012535169,8.40599050082035
2025-04-03,1467126.1,0.0010483243,8.40599050082035
2024-11-24,1150506.91,0.0009198023,8.311361911202551
2024-11-25,1150506.91,0.00032755817,8.311361911202551
2025-03-03,396437.91,0.00048445273,8.214362717857565
2025-04-06,628155.95,0.0016922883,8.612107652514762
2025-04-07,628155.95,0.0016746346,8.612107652514762
2025-04-11,628155.95,0.0019056418,8.612107652514762
2025-04-12,628155.95,0.0007062116,8.612107652514762
2025-04-13,628155.95,0.0007179686,8.612107652514762
2025-02-25,566706.63,0.0006279235,9.050321801203388
2025-02-26,566706.63,9.937196e-05,9.050321801203388
2025-02-27,566706.63,0.00010219503,9.050321801203388
2025-02-28,566706.63,0.00010180237,9.050321801203388
2024-11-30,1300741.65,0.00020484587,7.7746092828779245
2024-12-04,8853.12,0.00012878794,8.797661651556348
2024-12-05,8853.12,0.00013899231,8.797661651556348
2025-01-12,7639.33,0.00029158487,7.9676595308963
2024-10-21,1768416.06,0.00087422837,9.072763941826768
2024-10-22,1768416.06,0.00086539803,9.072763941826768
2024-11-29,226327.52,0.00052180624,7.785901001739777
2024-12-24,2631.37,0.00015440055,8.474150300435076
2025-03-31,5127.84,0.00058563426,8.677226521472411
2025-02-07,3737.6,0.00014936626,8.502227784257741
2025-02-08,3737.6,0.00014396882,8.502227784257741
2025-01-28,4562.17,0.0012623387,8.983415677760515
2024-11-08,1646.64,0.0004744761,9.524799663153406
2024-11-09,1646.64,0.0004772494,9.524799663153406
2025-01-31,1704.85,0.0004510724,10.443350300431055
2025-02-01,1704.85,0.00011196966,10.443350300431055
2024-11-29,13310.2,0.00010927664,7.970512228702872
2024-11-13,5632.33,0.0002780525,9.07781886535605
2025-01-15,1321129.56,0.0017298275,8.853103960688353
2025-01-16,1321129.56,0.0017779501,8.853103960688353
2025-01-18,1321129.56,0.0018098752,8.853103960688353
2025-01-07,994121.43,0.0010781034,8.013035472272275
2024-11-25,1380743.59,0.00020464827,8.41958797413557
2024-12-25,1337769.59,0.0006918251,8.733037732719286
2024-12-26,1337769.59,0.00022260148,8.733037732719286
2024-12-27,1337769.59,0.00022914601,8.733037732719286
2025-04-23,2194.89,0.004461591,8.374289117287125
2025-04-24,2194.89,0.0044015246,8.374289117287125
2025-04-25,2194.89,0.0034805145,8.374289117287125
2025-04-26,2194.89,0.0034247965,8.374289117287125
2024-10-13,1837.34,0.00037108263,9.14723480884685
2024-10-14,1837.34,0.0002788658,9.14723480884685
2024-10-15,1837.34,0.00014279543,9.14723480884685
2024-10-16,1837.34,0.00015004682,9.14723480884685
2025-02-21,453079.39,0.00055012456,8.532571291357222
2025-02-22,453079.39,0.0005559813,8.532571291357222
2024-12-29,4360.74,0.00027363023,7.835286229333768
2025-01-29,524119.7,0.00041468182,8.419154017619128
2025-01-30,524119.7,0.00042362802,8.419154017619128
2024-12-05,2634802.11,0.00015075722,12.881818728733975
2024-12-06,2634802.11,0.00015288939,12.881818728733975
2025-01-29,2085.8,0.00018113424,9.486141239006587
2025-01-30,2085.8,0.00018098537,9.486141239006587
2025-02-14,1929659.27,0.0007215367,9.270173462300987
2025-02-15,1929659.27,0.00072072516,9.270173462300987
2025-02-19,1929659.27,0.0015062309,9.270173462300987
2025-02-26,1929659.27,0.0013486332,9.270173462300987
2024-12-04,1999.55,0.00029301393,8.516965933272566
2025-04-19,2998.59,0.000455281,8.369995908463803
2025-01-25,8133.0,0.00011330565,7.8685402330043335
2025-03-03,1595504.41,0.00053789275,8.692211144729376
2025-03-04,1595504.41,0.00055007724,8.692211144729376
2025-03-04,5167.91,0.00026546005,7.853557448206278
2025-02-24,1543632.38,7.856299e-05,8.387556676849766
2025-01-03,1400166.43,0.0015500991,7.782957844817936
2025-02-21,363254.93,0.00015286444,8.025325946025488
2025-02-22,363254.93,0.00016790623,8.025325946025488
2025-02-24,363254.93,0.00016283673,8.025325946025488
2025-01-19,415899.12,9.0135065e-05,7.874590010678847
2025-04-24,1153418.79,0.0002853863,8.552302518589899
2024-12-01,1794055.42,0.00060404337,10.538316200188675
2025-01-21,721817.75,0.0012569311,9.30373184187249
2025-01-22,721817.75,0.0009661667,9.30373184187249
2025-01-23,721817.75,0.00042085457,9.30373184187249
2025-01-24,721817.75,0.00042218505,9.30373184187249
2025-02-07,6055.15,0.00011921856,8.267831893591623
2025-02-08,6055.15,0.00016370956,8.267831893591623
2025-02-21,6055.15,0.0002056002,8.267831893591623
2025-05-06,2441.8,0.00012163595,9.048088182598766
2025-05-07,2441.8,0.00012437259,9.048088182598766
2025-05-05,2506.54,0.0004059468,7.794582851915522
2025-05-07,2506.54,0.00032825707,7.794582851915522
2024-11-06,2412.44,0.0008976614,7.817754566389934
2025-02-07,3404.42,0.00056148006,9.8410989826812
2025-02-08,3404.42,0.00054033287,9.8410989826812
2024-12-05,617486.98,0.0019478174,7.876220252725148
2024-10-22,1790.45,0.0004160355,9.61592734680214
2024-12-11,608100.99,0.0005552596,7.83708544493036
2025-04-16,9716.2,0.00027879773,8.538965411814877
2024-11-29,8401.12,9.664553e-05,8.903833284531304
2024-11-30,8401.12,0.00011215162,8.903833284531304
2024-12-01,8401.12,0.00011602446,8.903833284531304
2024-12-28,2774640.07,0.00039498057,10.864929082783146
2024-11-23,1070904.25,0.0003956141,8.212325731992385
2025-03-12,538462.08,0.00013020223,7.978912971767488
2025-03-13,538462.08,0.00012877326,7.978912971767488
2024-12-06,503258.41,0.00015052958,9.460679090664264
2024-10-24,1086594.34,0.00026534463,7.802615339100058
2024-10-25,1086594.34,0.00022692993,7.802615339100058
2025-01-24,6564.13,0.00031530365,7.857104874275428
2025-01-31,6564.13,0.00044494844,7.857104874275428
2024-12-27,3487.92,0.00096621836,8.486600032204136
2025-02-21,9612.72,7.678809e-05,7.927711796228104
2025-02-22,9612.72,7.562787e-05,7.927711796228104
2025-02-23,9612.72,8.728386e-05,7.927711796228104
2025-04-16,13377.64,0.00024226135,7.9042403666929015
2025-04-17,13377.64,0.00025376846,7.9042403666929015
2024-10-14,533316.0,0.00010718763,7.721542529140753
2024-10-15,533316.0,0.000102037804,7.721542529140753
2024-10-16,533316.0,0.00010179067,7.721542529140753
2024-10-17,533316.0,0.00011621342,7.721542529140753
2024-10-18,533316.0,0.00012556207,7.721542529140753
2024-11-10,5104.45,0.0009527464,9.324253355867558
2024-11-11,5104.45,0.00065372157,9.324253355867558
2024-11-12,5104.45,0.0004648156,9.324253355867558
2025-01-12,7203.51,0.0004726991,8.113204562620687
2025-01-15,7203.51,0.00047133912,8.113204562620687
2025-01-16,7203.51,8.120227e-05,8.113204562620687
2024-12-01,422576.86,0.0028638584,9.064446693380793
2024-12-02,422576.86,0.0023130754,9.064446693380793
2025-02-04,1936.54,0.00015350277,10.471824313001964
2025-02-11,1936.54,0.00013157172,10.471824313001964
2024-12-13,1681270.89,0.0010909545,8.88378955724379
2025-04-15,335395.86,0.00018075992,8.484946986504305
2025-04-16,335395.86,0.00024491467,8.484946986504305
2025-03-03,4338.76,0.0008426628,8.31304528667198
2025-03-04,4338.76,0.0008636605,8.31304528667198
2025-02-21,8189.92,0.00037307307,8.265797754325515
2025-02-23,8189.92,0.00039726536,8.265797754325515
2025-02-24,8189.92,0.00011784147,8.265797754325515
2025-03-31,605709.26,0.00026526945,7.963055467602981
2024-12-05,11552.81,0.00047073961,8.236077798341352
2024-12-06,11552.81,0.0010316086,8.236077798341352
2024-12-07,11552.81,0.001032606,8.236077798341352
2024-12-14,11552.81,0.0010312938,8.236077798341352
2024-12-19,11552.81,0.00080784975,8.236077798341352
2025-02-04,1124978.75,0.00016903316,8.928036650558125
2025-02-06,1124978.75,0.0005218517,8.928036650558125
2025-04-15,13096.29,0.0012486931,7.940989355635687
2025-04-16,13096.29,0.0012503084,7.940989355635687
2025-04-24,13096.29,0.0011954729,7.940989355635687
2025-02-13,2620492.23,0.0027896361,10.837051760316292
2025-01-27,4887.27,0.00016330402,7.77467295960227
2024-11-08,8971.71,0.0012695527,7.990079062770654
2025-02-28,440390.26,0.0018743621,8.463788670023021
2025-03-01,440390.26,0.00015183486,8.463788670023021
2025-03-02,440390.26,0.00026512265,8.463788670023021
2025-02-09,2233.65,0.00044946326,8.493047923160118
2025-02-10,2233.65,0.00012256464,8.493047923160118
2025-04-10,877762.1,0.00011695049,9.202597153680507
2025-04-13,4571.95,0.0001347725,8.581407089374771
2025-04-25,5237.89,0.00040606444,8.026220306855404
2025-04-26,5237.89,0.00040985545,8.026220306855404
2025-04-27,5237.89,0.0001412932,8.026220306855404
2024-12-01,289742.12,0.00023613489,8.246064310036564
2025-03-21,1231066.23,0.00028891175,7.714014494909276
2025-03-22,1231066.23,0.000112557704,7.714014494909276
2025-03-23,1231066.23,0.00012124425,7.714014494909276
2025-02-01,6921.8,0.00013674625,7.939200224552261
2025-02-02,6921.8,0.0002499076,7.939200224552261
2024-11-05,6905.47,0.00019114764,8.586282097696678
2025-01-02,865579.89,0.00070320617,7.990251142003633
2025-03-24,812768.79,0.0028763597,8.066520248871697
2025-03-25,812768.79,0.00048462398,8.066520248871697
2025-04-13,2023321.56,0.0001584385,9.856228308100315
2025-04-14,2023321.56,0.00017556557,9.856228308100315
2025-04-15,10286.84,0.00013504706,8.413588455820186
2025-04-18,10286.84,0.000111443194,8.413588455820186
2025-05-02,2019.28,0.0024261603,9.832451371430373
2025-05-03,2019.28,0.00013999974,9.832451371430373
2025-05-04,2019.28,0.00020777616,9.832451371430373
2025-02-22,437412.12,0.0022994166,8.44510680801121
2024-11-03,4385.35,0.00020257533,9.72287905340665
2024-11-04,4385.35,0.00022469877,9.72287905340665
2024-11-13,4385.35,0.0013011092,9.72287905340665
2025-05-04,2579.66,0.00037384368,7.9564294055606455
2025-05-05,2579.66,0.00038125186,7.9564294055606455
2024-12-20,5413.62,0.00013399064,7.818028072127543
2025-04-12,691313.56,0.0001838016,8.878629505488963
2025-04-13,691313.56,0.00019265925,8.878629505488963
2025-03-31,542928.47,0.004204792,8.243122632777158
2025-01-17,405482.6,0.0015217816,7.812819691291031
2025-01-18,405482.6,0.00013974139,7.812819691291031
2025-01-19,405482.6,9.90126e-05,7.812819691291031
2025-04-15,8326.28,0.0014709347,8.867922288315036
2025-02-21,6646.43,0.00016322645,8.768119510583098
2025-01-27,4606.0,0.00015583384,7.916015359394509
2025-01-28,4606.0,0.00015189676,7.916015359394509
2025-02-02,5910.3,0.001073362,8.32505001987353
2025-02-03,5910.3,0.0010728276,8.32505001987353
2024-11-19,1795.68,0.00015166895,8.964126092847977
2025-03-28,4071.73,0.00021310597,9.07141526179402
2025-03-29,4071.73,0.00095118734,9.07141526179402
2025-03-31,4071.73,0.0009553164,9.07141526179402
2025-04-08,1365881.52,0.0008548961,9.969663966112547
2025-02-20,3153.1,0.000119915756,7.9398022328827285
2025-02-21,3153.1,0.00011981504,7.9398022328827285
2025-01-20,5022.62,0.0005342165,8.99909640103334
2025-01-14,453000.68,0.00013663789,8.077610971161224
2025-01-15,453000.68,0.00014693062,8.077610971161224
2025-01-16,453000.68,0.00015234748,8.077610971161224
2025-01-19,453000.68,0.00019675653,8.077610971161224
2025-02-12,2488.15,0.0010664737,8.558841169830353
2025-02-13,2488.15,0.0010521754,8.558841169830353
2025-02-14,2488.15,0.00077375333,8.558841169830353
2024-11-12,1134318.92,0.00030977832,7.8181079821014485
2025-04-23,1157709.32,0.00011399941,8.580082082696974
2025-04-24,1157709.32,0.00012697882,8.580082082696974
2025-04-25,1157709.32,0.00015878657,8.580082082696974
2025-04-28,1157709.32,0.00018067886,8.580082082696974
2025-05-02,1157709.32,0.00017533438,8.580082082696974
2025-01-31,2091.38,0.00031763897,10.492344025817552
2025-03-16,1630.45,0.00029314356,10.838550334848211
2025-01-30,453645.81,0.00090549956,8.081086372500927
2025-01-31,453645.81,0.00091870734,8.081086372500927
2024-11-30,269359.32,0.0009976374,8.108094961170924
2024-12-02,269359.32,0.0009002287,8.108094961170924
2024-12-03,269359.32,0.0008077783,8.108094961170924
2025-04-05,3908.86,0.00016375487,8.459601570385807
2025-04-06,3908.86,0.00015544868,8.459601570385807
2025-04-15,242538.16,0.0007846512,7.853188941085604
2025-04-16,242538.16,0.0008094262,7.853188941085604
2025-04-17,242538.16,0.00079041737,7.853188941085604
2025-04-18,242538.16,0.0007814227,7.853188941085604
2025-04-19,242538.16,0.0007759241,7.853188941085604
2025-04-20,242538.16,0.00028943858,7.853188941085604
2025-04-21,242538.16,0.00016300942,7.853188941085604
2025-03-30,694808.55,0.00010062103,8.336810767809867
2025-03-31,694808.55,8.9792265e-05,8.336810767809867
2025-04-01,694808.55,9.0538924e-05,8.336810767809867
2025-04-15,7020.29,0.0006511732,9.264343058313544
2025-04-16,7020.29,0.0005933749,9.264343058313544
2024-12-14,641536.62,0.0106752645,7.930981995002771
2024-12-15,641536.62,0.00020475542,7.930981995002771
2024-12-16,641536.62,0.0002035028,7.930981995002771
2024-12-17,641536.62,0.00019379842,7.930981995002771
2025-01-05,1087801.52,0.00032051775,8.883496246634742
2025-04-10,5690.54,0.0013280322,8.017042096303815
2024-12-02,345138.14,0.00023386495,8.610092038356392
2024-11-29,323668.74,0.00027070905,8.470250661298508
2024-11-30,323668.74,0.0002575839,8.470250661298508
2024-12-01,323668.74,0.000429294,8.470250661298508
2024-12-03,323668.74,0.00043184793,8.470250661298508
2024-11-17,3046.53,0.00068001566,10.796611221878809
2024-11-26,3586.18,9.622848e-05,8.288032599576468
2024-11-27,3586.18,0.000101063546,8.288032599576468
2024-12-30,913906.98,0.0015785719,8.595176357166668
2025-02-27,404136.85,0.0005109284,8.255352340598217
2024-12-03,14927.96,0.001909234,7.7635951646016625
2024-12-04,14927.96,9.9918776e-05,7.7635951646016625
2024-12-05,14927.96,0.00010014943,7.7635951646016625
2025-04-21,2561.42,0.00015214796,9.892367387463416
2025-03-03,964029.6,0.00032079496,9.02444768713978
2024-11-10,2305385.15,0.00030390694,9.541701473956008
2024-11-13,2305385.15,0.00024735363,9.541701473956008
2024-11-14,2305385.15,0.00011414594,9.541701473956008
2024-12-20,2003.92,0.0020343321,9.98394687389139
2024-12-21,2003.92,0.00045306297,9.98394687389139
2024-12-22,2003.92,0.0003538808,9.98394687389139
2025-03-23,573090.44,0.00038056177,7.816996858905682
2025-04-18,11058.56,0.0006487676,8.265819532749742
2025-04-19,11058.56,0.00010706095,8.265819532749742
2025-04-20,11058.56,0.00010396746,8.265819532749742
2025-01-14,1175642.0,0.0001082066,7.753335106789786
2024-10-14,4086.35,0.0098365955,8.829858109386524
2024-10-15,4086.35,0.00021803394,8.829858109386524
2024-10-16,4086.35,0.00039068435,8.829858109386524
2024-10-17,4086.35,0.00039501616,8.829858109386524
2024-10-18,4086.35,0.000397847,8.829858109386524
2024-10-19,4086.35,0.00027490227,8.829858109386524
2024-10-20,4086.35,0.0002772886,8.829858109386524
2024-10-21,4086.35,0.00026498045,8.829858109386524
2024-10-22,4086.35,0.00027068332,8.829858109386524
2024-10-23,4086.35,0.00026593354,8.829858109386524
2024-10-24,4086.35,0.00026555505,8.829858109386524
2024-10-25,4086.35,0.00028300832,8.829858109386524
2024-10-26,4086.35,0.00027074455,8.829858109386524
2024-10-27,4086.35,0.00029596058,8.829858109386524
2024-12-04,431035.17,0.00032026178,9.101890896558332
2025-04-16,11794.28,0.00012726587,8.136611739512464
2024-10-11,2603.51,0.0024460456,10.199547107461573
2024-10-12,2603.51,0.0024456796,10.199547107461573
2025-04-10,5764.8,0.0028344963,7.986893209500276
2024-10-11,5208.08,8.702165e-05,8.177263979621687
2024-11-05,5208.08,0.00020994709,8.177263979621687
2024-11-11,2093.13,0.0010115947,9.801677725813487
2024-10-14,6147.14,0.00019305017,7.76419480264368
2025-01-11,3070.39,0.00040923918,8.139876721841407
2024-12-08,9115.35,0.000106486616,8.737554004485382
2024-12-09,9115.35,0.00010474556,8.737554004485382
2025-03-14,1905631.7,0.00016449291,10.641424339573376
2025-01-12,6075.36,0.0009454826,8.53047034059689
2025-04-06,2938.27,0.0019782449,9.371062731464171
2025-04-07,2938.27,0.0012228828,9.371062731464171
2025-04-08,2938.27,0.0010540333,9.371062731464171
2025-04-09,2938.27,0.0010514238,9.371062731464171
2025-04-10,2938.27,8.62216e-05,9.371062731464171
2025-05-02,1634857.56,0.0008085819,9.97203863403154
2024-11-10,1598461.04,0.00051326223,8.195540959849385
2024-12-31,3150.67,0.0005326038,7.9095505210258
2025-01-05,3150.67,0.0018087099,7.9095505210258
2025-01-06,3150.67,0.0017012313,7.9095505210258
2025-03-09,1023665.92,0.0033781517,9.223016216597603
2025-03-13,1023665.92,0.0028416128,9.223016216597603
2025-03-14,1023665.92,0.002829555,9.223016216597603
2025-03-17,1023665.92,0.0034840668,9.223016216597603
2025-03-18,1023665.92,0.0007756858,9.223016216597603
2025-04-15,7445.15,0.00014276526,9.121588306941836
2024-10-15,3831.48,0.00023891026,9.002263291286434
2024-10-16,3831.48,7.719713e-05,9.002263291286434
2024-10-17,3831.48,7.7433506e-05,9.002263291286434
2024-12-02,1440148.15,0.0016004064,7.846748977633736
2025-01-12,995461.55,0.0009169065,8.177899490880506
2025-04-15,699698.43,0.0001170612,8.498940083163625
2025-04-16,699698.43,0.000116614894,8.498940083163625
2025-04-17,699698.43,0.00011916885,8.498940083163625
2025-05-05,699698.43,0.0006250554,8.498940083163625
2025-05-06,699698.43,0.00037824217,8.498940083163625
2025-05-07,699698.43,0.00038640221,8.498940083163625
2025-03-20,1285792.28,0.00032827773,7.973484415387491
2025-01-29,2772.84,0.0010783421,8.08556973854773
2025-01-30,2772.84,0.0008514874,8.08556973854773
2025-01-31,2772.84,0.00085360144,8.08556973854773
2025-03-22,614967.25,0.0005442163,8.009277030799321
2025-03-23,614967.25,0.00029519293,8.009277030799321
2025-03-24,614967.25,0.00016053487,8.009277030799321
2025-03-25,614967.25,0.00016645393,8.009277030799321
2024-11-13,2366.59,0.00013797471,11.700532623829153
2024-11-14,2366.59,0.0001283141,11.700532623829153
2025-03-12,2047.1,0.001670561,10.142647003122615
2025-03-13,2047.1,0.001664725,10.142647003122615
2025-03-14,2047.1,0.0009883532,10.142647003122615
2024-11-12,6780.88,0.0004870716,8.6249213221175
2024-11-13,6780.88,0.000496437,8.6249213221175
2025-04-13,1588155.6,0.000752424,8.642275942801364
2025-04-16,1588155.6,0.0006802741,8.642275942801364
2025-04-18,1588155.6,0.000555062,8.642275942801364
2025-01-13,4708.13,0.00016865382,9.165056045862228
2025-01-14,4708.13,0.00016464319,9.165056045862228
2025-04-30,3276.81,0.00012956581,9.36776061135126
2025-05-01,3276.81,0.00013872277,9.36776061135126
2025-05-02,3276.81,0.00017669136,9.36776061135126
2025-02-21,339975.51,0.0009707331,7.882045325124687
2025-02-22,339975.51,0.0009860218,7.882045325124687
2025-03-03,655310.73,0.0009901047,9.43619184170081
2024-11-06,6639.16,0.0008287366,8.686528584039205
2025-02-17,1399538.74,0.0001985704,8.508836849461025
2025-02-18,1399538.74,0.00019858914,8.508836849461025
2025-03-03,5052.14,9.2895796e-05,7.908990019485341
2025-03-04,5052.14,9.770489e-05,7.908990019485341
2025-02-22,930835.01,0.00024242268,10.450673704390416
2024-10-15,4323.92,0.00025631423,8.659952768394739
2025-03-31,477283.57,0.0016303384,7.93482127312264
2025-02-19,759173.87,0.0003126198,7.723800667505847
2025-02-20,759173.87,0.00030096696,7.723800667505847
2025-02-24,3303.67,0.00011759352,7.835000772865499
2025-02-25,3303.67,0.00013074465,7.835000772865499
2025-02-26,3303.67,0.00012805333,7.835000772865499
2025-02-27,3303.67,0.000113271824,7.835000772865499
2024-11-03,4702.62,0.0017627347,9.535472025445724
2024-11-04,4702.62,0.0017652834,9.535472025445724
2025-04-21,830302.22,0.00032288872,8.598432631405107
2025-04-21,4809.69,0.00019821126,8.443480327792258
2024-11-11,2480.2,0.0009295548,8.211340650886239
2024-12-05,317330.1,0.00025800054,8.430622139680768
2024-12-06,317330.1,0.00035210454,8.430622139680768
2024-10-31,3322.5,0.00035667428,7.748263879893751
2025-04-13,607931.78,0.0001774579,8.529965426958944
2025-04-15,607931.78,0.00016598657,8.529965426958944
2024-12-10,14164.42,0.0009264993,7.858096598045725
2024-12-04,765343.59,0.00014432409,10.61344530455207
2024-12-05,765343.59,0.00013745525,10.61344530455207
2024-12-06,765343.59,0.00013138789,10.61344530455207
2024-12-14,765343.59,0.0003261639,10.61344530455207
2024-10-11,6141.88,0.0019923632,7.767536260677885
2024-10-16,6141.88,0.0019755762,7.767536260677885
2024-10-17,6141.88,0.00010571904,7.767536260677885
2024-10-18,6141.88,9.778912e-05,7.767536260677885
2025-04-07,2439109.8,0.00013673287,9.832445742558264
2025-04-08,2439109.8,0.00013390374,9.832445742558264
2025-04-09,2439109.8,0.00012401225,9.832445742558264
2025-02-24,845894.86,0.00016665827,10.204280443552873
2025-02-20,1959579.94,0.00012061712,9.393406102724935
2025-02-21,1959579.94,0.00011611797,9.393406102724935
2025-02-24,369652.61,0.0022359744,8.06304193021899
2025-02-25,369652.61,0.00222345,8.06304193021899
2024-11-03,6211.45,0.0011641778,8.836442276111764
2024-11-05,6211.45,0.0010944395,8.836442276111764
2024-11-06,6211.45,0.0005151828,8.836442276111764
2024-11-07,6211.45,0.0005107689,8.836442276111764
2025-04-15,6194.34,0.0007677348,9.56249430882157
2025-04-16,6194.34,0.00016135394,9.56249430882157
2025-04-17,6194.34,0.00016690201,9.56249430882157
2024-12-19,5112.03,0.00018894045,7.951860031732948
2024-12-20,5112.03,0.00019139209,7.951860031732948
2024-12-21,5112.03,0.00018435532,7.951860031732948
2024-12-22,5112.03,0.00019144514,7.951860031732948
2024-10-19,2109.53,0.0003527664,11.014055145025786
2024-10-20,2109.53,0.00014110754,11.014055145025786
2025-03-03,959220.76,0.00014192918,9.014852000077925
2024-11-29,244872.42,0.00039950118,7.930066970633353
2025-01-08,1407553.1,0.0004347558,7.955894392686047
2025-01-09,1407553.1,0.00043683514,7.955894392686047
2025-02-15,726525.83,0.00042857093,7.83741995781131
2025-02-20,726525.83,0.00053331855,7.83741995781131
2025-02-21,726525.83,0.00036579286,7.83741995781131
2025-04-11,520199.8,0.00035230213,7.733582763558922
2024-12-08,264731.99,0.00069997465,8.071830339152305
2025-02-21,381004.67,0.00014928327,8.128127376914954
2025-02-22,381004.67,0.00014695498,8.128127376914954
2025-04-30,9654.69,0.00065312436,8.552178109247848
2025-05-01,9654.69,0.0006720794,8.552178109247848
2024-10-13,3607.44,0.00023922176,9.200725922429493
2024-10-14,3607.44,0.000141984,9.200725922429493
2025-03-31,6133.28,0.0006223197,8.242772847891294
2025-04-01,6133.28,0.00063420285,8.242772847891294
2025-05-01,7622.48,0.00035094246,9.063086142672296
2024-12-03,744554.25,0.00094000605,7.844843277935742
2024-11-29,7945.65,0.00023054975,9.031021019445932
2024-11-30,7945.65,0.00022453064,9.031021019445932
2024-12-01,7945.65,0.00025661002,9.031021019445932
2024-10-11,2037.75,0.00037422628,11.224731927574867
2024-10-13,2037.75,0.0005369706,11.224731927574867
2024-10-15,3061.3,0.00011565802,9.678299788233168
2025-01-06,2218.08,0.0008172645,8.718621531282723
2025-01-07,2218.08,0.0008220717,8.718621531282723
2025-01-08,2218.08,0.00016070035,8.718621531282723
2025-01-09,2218.08,0.00015467439,8.718621531282723
2025-01-29,4412.99,0.0001009392,8.852189193694278
2025-04-15,13908.54,0.00011718945,7.832717633670605
2024-12-10,1190066.45,0.00036036377,8.40686698325731
2024-12-16,1190066.45,0.00030622864,8.40686698325731
2025-03-11,3607448.68,0.0001757827,11.774507113619473
2025-04-18,282262.13,0.000377273,8.138375379599237
2024-12-14,795242.18,0.0008896364,8.58394543199955
2024-12-06,772910.18,0.0031501024,7.981656264722792
2024-12-07,772910.18,0.0005161867,7.981656264722792
2024-12-08,772910.18,0.0005167657,7.981656264722792
2025-03-23,890795.21,0.0001866225,9.084888830424013
2025-03-27,666433.97,0.0049314387,8.214765043476653
2025-03-23,1040067.92,0.00013205159,8.339647207817215
2025-03-24,1040067.92,0.00012217846,8.339647207817215
2025-04-07,1040067.92,0.00016452037,8.339647207817215
2025-04-10,1040067.92,0.00014824414,8.339647207817215
2025-01-24,773535.29,0.0006951054,9.53856261386893
2024-11-29,12587.22,0.005293594,8.073128366333517
2024-11-30,12587.22,0.005307921,8.073128366333517
2024-11-18,722174.0,0.000698604,8.082860719078719
2024-11-19,722174.0,0.00070629234,8.082860719078719
2024-11-20,722174.0,0.0007021689,8.082860719078719
2024-11-30,722174.0,0.00083310227,8.082860719078719
2025-04-15,12512.43,0.0012323557,8.026082765910061
2025-03-08,3651.77,0.00033435127,8.115515762528531
2025-03-09,3651.77,0.00033871006,8.115515762528531
2024-12-19,1438038.96,0.0017262168,7.869019532643422
2024-12-20,1438038.96,0.00079687434,7.869019532643422
2024-12-21,1438038.96,0.0009317392,7.869019532643422
2025-01-17,1749549.41,0.00040428637,8.446671134734125
2024-11-30,310594.11,0.0004068356,8.38745229276165
2025-03-24,3168.78,9.9727855e-05,8.379163967235492
2025-03-25,3168.78,0.0008423046,8.379163967235492
2025-04-16,7857.75,0.0009016686,8.993609898110797
2025-04-17,7857.75,0.000906939,8.993609898110797
2025-04-18,7857.75,0.0008865546,8.993609898110797
2025-04-17,2703.53,0.00016617254,11.933064013241196
2024-12-14,2556.53,0.0020257912,10.00412716029736
2024-12-15,2556.53,0.0019332243,10.00412716029736
2024-12-23,2556.53,0.00204395,10.00412716029736
2024-12-24,2556.53,0.0002930901,10.00412716029736
2024-12-25,2556.53,0.00029150184,10.00412716029736
2025-04-03,7490.12,0.0013116386,7.759834765102577
2024-12-01,940308.32,0.0003531888,8.514026478583917
2024-12-02,940308.32,0.0003408399,8.514026478583917
2024-12-04,940308.32,0.00029418443,8.514026478583917
2024-12-12,940308.32,0.000289084,8.514026478583917
2025-03-12,4729.33,0.0027667226,8.652037236452326
2025-03-13,4729.33,0.002759937,8.652037236452326
2025-03-14,4729.33,0.0027475408,8.652037236452326
2024-12-04,2004.73,0.000105786705,8.754329519483532
2024-12-05,2004.73,8.963027e-05,8.754329519483532
2024-12-08,864376.27,0.00012818203,8.850275067750905
2025-03-12,3028.98,0.00013843965,8.060479118220803
2025-04-25,1385.1,0.00041471486,12.526549053241965
2025-01-28,488474.13,0.0020339817,7.974203930943708
2025-01-29,488474.13,0.002019907,7.974203930943708
2025-01-24,658792.25,0.00016278951,8.507866397976342
2025-01-25,658792.25,0.00015203822,8.507866397976342
2025-02-12,658792.25,0.00016527061,8.507866397976342
2025-02-13,658792.25,0.00016831841,8.507866397976342
2025-02-14,658792.25,0.00018597607,8.507866397976342
2025-01-19,3678.31,0.0005054822,8.604770826965424
2025-04-12,2774.89,0.0002698615,7.986920929568667
2025-04-13,2774.89,0.0005929919,7.986920929568667
2025-03-20,2395.05,0.0025867461,8.086540793305021
2025-01-20,687082.27,0.0002148791,9.16026125150411
2025-01-21,687082.27,0.00020220067,9.16026125150411
2025-01-22,687082.27,0.00021087623,9.16026125150411
2025-01-23,687082.27,0.00054290175,9.16026125150411
2025-01-24,687082.27,0.0005340249,9.16026125150411
2025-01-25,687082.27,0.00042910207,9.16026125150411
2025-01-26,687082.27,0.00043436425,9.16026125150411
2025-04-15,13625.43,0.00032282548,7.870380631283021
2025-04-03,603622.37,9.371598e-05,8.512959471837215
2025-04-24,400627.3,0.00050759915,8.871828476940415
2024-11-01,1231.64,0.0001598997,11.447561303010263
2024-11-04,1231.64,0.0001577279,11.447561303010263
2025-04-27,1238.63,0.00016807187,11.141256331089496
2025-04-05,2589.45,8.8515015e-05,9.728137915552333
2025-02-07,989664.15,0.00015716169,9.68703598880031
2025-02-08,989664.15,0.00017202982,9.68703598880031
2025-01-28,6425.59,0.0003806426,8.11820751761147
2025-01-29,6425.59,0.00033370734,8.11820751761147
2025-02-20,1083559.01,0.0005429741,8.75008402736439
2025-02-21,1083559.01,0.000541051,8.75008402736439
2024-12-07,1324.9,0.0007823927,11.959107429056898
2024-12-08,1324.9,0.0007870278,11.959107429056898
2025-02-16,2256.41,0.00087451655,8.759994991111933
2025-04-27,4694.57,0.0011857124,8.061692501985688
2025-04-28,4694.57,0.00079551555,8.061692501985688
2025-04-29,4694.57,0.00069366203,8.061692501985688
2024-12-02,344221.25,0.000126269,8.602663278145377
2024-12-03,344221.25,0.00012109087,8.602663278145377
2024-12-04,344221.25,0.0002891297,8.602663278145377
2024-12-05,344221.25,0.00033901367,8.602663278145377
2025-04-18,6573.37,9.9144665e-05,9.429913938617752
2025-04-19,6573.37,0.0003404681,9.429913938617752
2025-01-04,1556914.28,0.00011652488,8.312253330934048
2025-01-05,1556914.28,0.00012825363,8.312253330934048
2025-01-12,534296.38,0.000106872125,8.458991570516448
2024-11-30,2954.46,0.000995221,8.8918756243923
2024-12-01,2954.46,0.0010468889,8.8918756243923
2025-03-13,1554901.49,0.00014543142,8.268761368396616
2025-02-24,1167778.03,0.0011317893,7.76964502875928
2025-02-25,1167778.03,0.0005278794,7.76964502875928
2025-02-08,1180225.42,0.00016058446,8.288038173206676
2024-11-02,3066.18,0.0010000882,7.75491536610085
2024-12-04,235963.43,5.7968853e-05,7.861360993417824
2025-01-12,4720.18,0.00036658547,9.156828876926806
2025-01-13,4720.18,0.00036164335,9.156828876926806
2024-12-02,714902.44,0.0007950357,7.716792144293831
2025-02-21,4479.44,0.00031825295,9.753025158061408
2025-04-15,4193.48,0.0001154027,10.573280777669638
2025-04-16,4193.48,0.00011428076,10.573280777669638
2025-04-16,226454.79,0.0011887669,7.728208703162828
2025-04-28,10891.82,0.000359893,8.29787132145047
2025-04-29,10891.82,0.0001294605,8.29787132145047
2025-04-15,253807.85,0.00013013711,7.935276774462925
2025-04-16,253807.85,0.00014612699,7.935276774462925
2025-01-20,7453.13,0.00048818556,8.068556777857694
2025-04-15,12636.41,0.00010809033,8.007097967675888
2025-04-16,12636.41,0.00010626273,8.007097967675888
2025-04-15,466129.62,0.0018532287,9.230162703875575
2025-04-16,466129.62,0.0005174604,9.230162703875575
2025-04-19,230601.95,0.0017212825,7.761217983875099
2025-04-20,230601.95,0.001705989,7.761217983875099
2025-04-21,230601.95,0.0017115697,7.761217983875099
2024-11-06,2945.44,0.00011203068,10.942182249458444
2024-11-07,2945.44,0.00010402638,10.942182249458444
2025-04-13,838357.41,0.0005128235,7.8094041667466385
2025-04-14,838357.41,0.00051182724,7.8094041667466385
2025-04-15,14801.16,0.0005094281,7.719634506968729
2025-04-18,5758.08,0.000895728,9.749334478524773
2025-04-10,536741.01,0.0046030227,7.799161847789733
2025-04-11,536741.01,0.004449173,7.799161847789733
2025-04-12,536741.01,0.004449904,7.799161847789733
2025-04-13,536741.01,0.004482343,7.799161847789733
2025-04-14,536741.01,0.00447642,7.799161847789733
2025-04-15,536741.01,0.0044683404,7.799161847789733
2025-04-16,536741.01,0.0044670347,7.799161847789733
2025-04-17,536741.01,0.0044812867,7.799161847789733
2025-04-18,536741.01,0.0045107566,7.799161847789733
2025-04-19,536741.01,0.004510368,7.799161847789733
2025-04-20,536741.01,0.0046193125,7.799161847789733
2025-01-29,2051.68,0.0005022584,11.621731772444498
2024-10-22,773.14,0.0023550265,12.257061461670045
2024-10-23,773.14,0.00099192,12.257061461670045
2024-11-29,11144.8,9.6777934e-05,8.31104327792009
2024-11-30,11144.8,9.944902e-05,8.31104327792009
2024-12-01,11144.8,9.2574875e-05,8.31104327792009
2024-11-03,6985.59,0.00013495114,8.55690016720599
2025-02-27,3563.4,0.00018587467,8.137273071986092
2025-02-28,3563.4,0.00025014623,8.137273071986092
2025-03-02,3563.4,0.00029241535,8.137273071986092
2025-01-31,1076821.4,0.00013678058,7.740928634172722
2025-03-01,2270193.44,0.0008509502,9.6358915938294
2025-03-02,2270193.44,0.0005839462,9.6358915938294
2025-03-03,2270193.44,0.00070705905,9.6358915938294
2025-03-06,2270193.44,0.00071995857,9.6358915938294
2025-03-07,2270193.44,0.00030936097,9.6358915938294
2025-01-21,1733.76,0.00019040747,9.112910862374145
2025-01-22,1733.76,0.00014869162,9.112910862374145
2024-11-29,14314.16,0.00015824885,7.8402847158389575
2025-02-17,2389.28,0.00042311283,8.102436856777247
2025-02-18,2389.28,0.00042990054,8.102436856777247
2025-02-20,2389.28,0.00042847512,8.102436856777247
2025-02-21,337626.18,0.003572045,7.8668287977205065
2025-02-22,337626.18,0.00060199044,7.8668287977205065
2025-02-23,337626.18,0.0006093217,7.8668287977205065
2025-02-27,337626.18,0.0006438945,7.8668287977205065
2025-03-10,4204.11,0.00038642532,8.008133720350123
2024-11-03,8354.31,0.000117445205,8.141846674245963
2024-11-04,8354.31,0.00013304113,8.141846674245963
2025-04-15,324847.83,0.00010189803,8.417340400880516
2025-04-24,2815.87,0.0001921272,7.841528409592199
2025-02-27,1308489.83,0.002452869,8.988847922941858
2025-04-20,939366.13,0.00063985615,8.107587529019082
2025-04-21,939366.13,0.00064115255,8.107587529019082
2025-04-22,939366.13,0.0006511217,8.107587529019082
2025-04-24,939366.13,0.0006395293,8.107587529019082
2025-04-21,4427.77,0.001248491,10.414556351635893
2025-03-04,350218.47,0.0021738452,7.951939635652162
2025-03-05,350218.47,0.0030439633,7.951939635652162
2024-10-17,2006.6,0.0003811448,9.167132031709738
2025-03-31,780279.17,0.0007091218,7.79794514765789
2024-12-14,650221.88,0.00015173096,7.963957396904394
2024-12-06,1149927.57,0.00036138252,9.671091959439043
2024-12-07,1149927.57,0.0003691834,9.671091959439043
2025-01-09,1038223.36,0.00083042926,8.0832578278419
2025-01-16,1038223.36,0.00080303213,8.0832578278419
2025-01-17,1038223.36,0.00020423316,8.0832578278419
2025-01-18,1038223.36,0.0002023306,8.0832578278419
2025-04-01,1141251.24,0.0004976362,8.87957516791527
2025-01-20,2373.18,0.00081088144,11.362694852208787
2025-01-21,2373.18,0.00046184455,11.362694852208787
2025-01-22,2373.18,0.00041027192,11.362694852208787
2024-12-22,1922.82,0.0018971724,10.131900787181138
2024-12-25,1922.82,0.0018859509,10.131900787181138
2024-11-23,2931.41,0.0001517847,7.79133797564463
2024-11-24,2931.41,0.00014541933,7.79133797564463
2025-02-21,7617.58,0.0022365402,8.43163074831408
2024-12-01,2051.41,0.00030912945,8.744036939503628
2024-12-06,714107.55,0.00026952266,8.276358729673287
2024-12-07,714107.55,0.00028169295,8.276358729673287
2025-04-15,943210.01,0.0009708626,7.735515342768972
2025-04-16,943210.01,0.00023876893,7.735515342768972
2025-04-17,943210.01,0.0002242085,7.735515342768972
2025-01-09,4112.25,0.0017821321,7.938468482539001
2025-04-15,318787.7,0.00078935485,8.379378462525395
2024-11-02,2872.31,0.0002478403,7.75707910913776
2024-11-03,2872.31,0.00024615176,7.75707910913776
2025-02-26,1381.3,0.0003386751,11.570955908792735
2025-02-27,1381.3,0.0003297476,11.570955908792735
2024-12-01,230546.1,0.0001903078,7.820091613177775
2025-04-03,3738.65,0.0010833205,8.076199888715227
2024-11-04,1820.45,9.779022e-05,9.199127557199311
2024-11-05,1820.45,0.0001016129,9.199127557199311
2024-10-26,1953398.14,0.01041298,9.465625020265733
2024-11-29,379596.9,0.00016867972,8.813028561588135
2025-03-17,900690.93,0.00012851154,8.34434570883362
2024-11-30,2500.05,0.00012554607,12.231708425946795
2025-04-25,1287497.11,0.0004685608,10.144928229570931
2025-04-26,1287497.11,0.00047990205,10.144928229570931
2025-05-04,1287497.11,0.00033474556,10.144928229570931
2025-05-05,1287497.11,0.00033159964,10.144928229570931
2024-11-29,273203.19,0.00040349757,8.134137311029201
2024-11-30,273203.19,0.00040172937,8.134137311029201
2025-04-27,5085.69,0.0001620984,10.0549090704774
2025-04-28,5085.69,0.00033409044,10.0549090704774
2025-03-10,3951.56,0.00020463769,9.147978412555876
2025-03-11,3951.56,0.00022156897,9.147978412555876
2025-03-12,3951.56,0.00022791067,9.147978412555876
2025-03-13,3951.56,0.00023941604,9.147978412555876
2024-10-27,2514.12,0.0013911338,8.146601632628158
2024-10-28,2514.12,0.0013853555,8.146601632628158
2025-02-23,365138.99,5.2931086e-05,8.03856750352875
2025-02-24,365138.99,6.8879934e-05,8.03856750352875
2025-04-03,480818.53,0.00025961356,7.951721623529924
2025-04-04,480818.53,0.00025285,7.951721623529924
2025-01-05,1106518.15,0.00010430682,7.921658742723648
2025-05-01,973355.81,0.00029430925,9.019168798644055
2025-05-02,973355.81,0.000281258,9.019168798644055
2025-05-03,973355.81,0.00028997066,9.019168798644055
2025-03-31,7427.35,0.000664906,7.778565167196044
2025-04-02,7427.35,0.00059366133,7.778565167196044
2025-04-18,14184.67,0.00040085765,7.795922663500672
2025-04-19,14184.67,0.0003220293,7.795922663500672
2025-03-08,896574.27,0.00021043135,8.127457900472834
2025-02-08,1560485.9,0.0008433734,10.002471937442548
2024-12-31,3736415.01,0.00023365759,11.510806803107082
2025-01-01,3736415.01,0.00023745064,11.510806803107082
2025-02-23,495727.1,0.0004549481,8.73255162094882
2025-01-14,5826.54,0.00041505863,8.629009449786285
2025-01-16,5826.54,0.00032248243,8.629009449786285
2025-01-17,5826.54,9.6233074e-05,8.629009449786285
2025-01-18,5826.54,0.0001058441,8.629009449786285
2025-02-05,6260.59,7.839058e-05,8.174844595203439
2025-02-06,6260.59,8.455062e-05,8.174844595203439
2025-02-07,6260.59,9.7814234e-05,8.174844595203439
2025-03-10,568588.83,8.909244e-05,8.108279693948363
2025-03-11,568588.83,9.224578e-05,8.108279693948363
2025-03-12,568588.83,0.00010017891,8.108279693948363
2025-03-19,3308.77,0.00029413722,8.417048734718115
2025-03-20,3308.77,0.0002918582,8.417048734718115
2024-11-03,6731.45,0.00022460456,8.644426072683341
2024-11-04,6731.45,0.00022480352,8.644426072683341
2025-01-06,1368405.9,0.00022928465,8.31724223069714
2025-04-18,14843.49,0.00039960037,7.713844909898111
2025-04-20,3035.85,0.00012138156,8.28722368816801
2025-04-21,3035.85,0.00013188242,8.28722368816801
2025-04-22,3035.85,0.00013675181,8.28722368816801
2025-03-08,719926.67,0.0011901145,8.186192954127128
2025-03-09,719926.67,0.0012438959,8.186192954127128
2025-03-10,719926.67,0.001242914,8.186192954127128
2025-03-07,3809.99,0.0012071186,7.913946888948244
2025-03-08,3809.99,0.00031182892,7.913946888948244
2025-03-09,3809.99,0.00030840814,7.913946888948244
2024-11-03,6533.54,0.0058927457,8.721427174712032
2025-02-27,2942.34,0.0004894104,8.475408894664351
2024-12-23,1085672.92,0.0004915736,9.109506364994608
2024-12-24,1085672.92,0.00047438362,9.109506364994608
2024-12-26,1085672.92,0.00048224808,9.109506364994608
2024-12-27,1085672.92,0.00039150717,9.109506364994608
2024-12-28,1085672.92,0.00010917378,9.109506364994608
2024-12-29,1085672.92,9.679266e-05,9.109506364994608
2025-03-30,922549.58,5.162789e-05,7.966145207790104
2025-03-31,922549.58,5.7420493e-05,7.966145207790104
2025-04-01,922549.58,5.698656e-05,7.966145207790104
2025-04-02,922549.58,6.0790775e-05,7.966145207790104
2025-01-13,6576.24,0.00014809024,8.341505667531987
2025-01-14,6576.24,0.00016179662,8.341505667531987
2025-01-15,6576.24,0.0001432915,8.341505667531987
2025-03-31,454746.49,0.00046894798,7.827955696220602
2025-04-02,454746.49,0.00048173455,7.827955696220602
2025-04-18,650497.06,0.00039505347,10.051803133427004
2025-04-02,1942.0,0.0017886073,8.658503533482477
2025-04-03,1942.0,0.0017815962,8.658503533482477
2025-03-31,675347.73,0.0012538044,8.824506664545996
2025-04-01,675347.73,0.0012561134,8.824506664545996
2025-04-15,3139.99,0.00032514913,11.418900941699118
2024-11-29,348349.35,0.0013102166,8.632538520998917
2024-11-30,348349.35,0.00033280108,8.632538520998917
2024-11-29,275120.47,0.00041248597,8.146951071841466
2024-11-30,275120.47,0.00039672814,8.146951071841466
2024-12-05,1264010.41,0.00020944027,7.70798565936118
2024-11-09,7052.66,0.00070986693,8.534818205231222
2024-11-10,7052.66,0.0006496205,8.534818205231222
2025-03-07,3358.46,0.00018285577,8.363122303279024
2024-11-25,1784.92,0.00020292866,10.864424418528678
2024-11-04,2509.65,0.00024456918,8.385550569380625
2024-11-05,2509.65,0.00025136487,8.385550569380625
2025-04-13,516224.66,0.0009314642,7.710976580454926
2025-04-14,516224.66,0.00037589046,7.710976580454926
2025-04-15,516224.66,0.00038898652,7.710976580454926
2025-04-16,516224.66,0.00020281196,7.710976580454926
2025-04-15,287488.15,0.0007049095,8.172489431173556
2024-11-03,324664.47,0.00044424157,7.696902827550753
2025-02-16,3629.29,0.00012376088,8.267104745261555
2025-02-17,3629.29,0.000115085,8.267104745261555
2025-01-12,2843.21,0.00018778717,10.690002456307404
2025-01-13,2843.21,0.00018541416,10.690002456307404
2025-04-18,5023.4,0.00018939418,10.085937678050929
2025-02-03,799710.31,0.0003037018,9.109420662236566
2025-02-04,799710.31,0.00025020068,9.109420662236566
2025-04-13,2356.6,0.0010399806,8.316853542366736
2024-12-04,278927.25,0.00028117737,8.17327335220352
2024-11-24,1052692.23,0.00024085527,7.692334772400047
2025-03-31,661681.45,0.00023243536,8.74491649131372
2025-02-26,1556397.7,0.0004286161,8.579690369994077
2024-11-04,9042.04,0.00085601374,7.976635220167012
2025-01-27,957500.65,0.00010979795,10.121922232548688
2025-01-02,1344483.58,0.00023937835,8.950139835922705
2025-01-01,4036.68,0.0015544838,7.7728085649276535
2025-04-01,2569.36,8.026076e-05,8.454639728121569
2025-04-02,2569.36,8.026351e-05,8.454639728121569
2025-04-10,1147789.25,0.0013110978,9.951031960836719
2025-04-11,1147789.25,0.00013876968,9.951031960836719
2025-04-12,1147789.25,0.0001437268,9.951031960836719
2024-12-01,892729.96,0.0003438612,8.388825434589524
2024-12-02,892729.96,0.00032248523,8.388825434589524
2025-04-15,276855.67,0.00024169273,8.098641206655325
2025-03-31,3927.47,0.000830001,7.933424719351735
2025-04-01,3927.47,7.786241e-05,7.933424719351735
2025-03-13,629181.11,0.00021135501,8.38009716415434
2025-03-14,629181.11,0.000102760714,8.38009716415434
2025-03-15,629181.11,0.00011984218,8.38009716415434
2025-01-13,3305.46,0.0044020796,8.030996312618848
2025-01-14,3305.46,0.00013933322,8.030996312618848
2025-01-15,3305.46,0.00013422126,8.030996312618848
2025-01-16,3305.46,0.00014781495,8.030996312618848
2025-01-17,3305.46,0.00014562506,8.030996312618848
2025-01-18,3305.46,0.00014437176,8.030996312618848
2025-01-19,3305.46,0.00016752136,8.030996312618848
2025-01-20,3305.46,0.00014763194,8.030996312618848
2025-01-21,3305.46,0.00014361029,8.030996312618848
2025-01-22,3305.46,0.00013819817,8.030996312618848
2025-01-23,3305.46,0.00014793318,8.030996312618848
2025-01-24,3305.46,0.00015819965,8.030996312618848
2025-01-25,3305.46,0.00022710438,8.030996312618848
2025-01-26,3305.46,0.00021785757,8.030996312618848
2025-04-15,6000.5,0.00058780785,9.654753742217201
2025-04-16,6000.5,0.00057565764,9.654753742217201
2025-04-20,6000.5,0.00055658544,9.654753742217201
2024-12-21,1680642.2,0.0002609896,8.472218476540428
2025-04-15,1179328.77,0.0019779915,11.839473069461745
2025-04-25,1179328.77,0.0036482904,11.839473069461745
2025-04-26,1179328.77,0.0018475291,11.839473069461745
2025-04-30,10350.66,0.0012272897,8.39891074367288
2025-05-01,10350.66,0.0007485733,8.39891074367288
2024-11-09,1764.44,0.00017983672,9.021469251643149
2024-11-29,229837.45,0.0003395892,7.815262521989463
2025-01-20,5763.02,0.00040303584,8.693216925892816
2025-01-22,5763.02,0.00054634176,8.693216925892816
2025-01-24,5763.02,0.0005629297,8.693216925892816
2024-12-28,3837.22,8.6924265e-05,8.188210706040552
2024-12-29,3837.22,8.039179e-05,8.188210706040552
2024-12-30,3837.22,9.0504516e-05,8.188210706040552
2025-01-18,554792.26,0.0003777067,8.545881418673211
2025-04-07,4149.22,0.0011451088,9.25109174831397
2025-04-08,4149.22,0.00040155786,9.25109174831397
2025-04-09,4149.22,0.0003556664,9.25109174831397
2024-12-22,3556.45,0.009180305,7.949805091441219
2025-01-24,7069.84,0.00010020777,8.195570092393032
2024-12-17,1438359.84,0.005542028,8.179891324219202
2025-03-22,581046.65,0.00053201284,7.849377865087858
2025-03-23,581046.65,0.0015018341,7.849377865087858
2025-03-24,581046.65,0.0015086897,7.849377865087858
2025-03-28,581046.65,0.0015331549,7.849377865087858
2025-03-11,2745.7,0.0001274256,7.928530849764322
2025-03-12,2745.7,0.0001366025,7.928530849764322
2025-03-02,1268441.11,0.00086936326,8.12344132272401
2025-03-03,1268441.11,0.00025620544,8.12344132272401
2024-12-25,995190.7,0.00025733147,8.86316359737458
2025-04-30,3078.67,0.00027124642,8.61852431476743
2025-05-01,3078.67,0.00026222735,8.61852431476743
2025-05-02,3078.67,0.0002757725,8.61852431476743
2024-11-29,12496.26,0.00085577794,8.087226207590113
2024-11-30,12496.26,0.0043818112,8.087226207590113
2024-12-06,1038636.89,0.00069330813,11.492104188167945
2024-12-07,1038636.89,0.00018355361,11.492104188167945
2024-10-28,1329.5,0.0003835259,10.85838286301428
2025-03-10,2319565.08,0.00041198285,9.982293756673954
2025-01-08,2658.84,0.0014161457,8.623190921318898
2025-04-01,2343.3,0.002316677,8.378402904868114
2024-11-04,9835.35,0.000110712004,7.791919681381549
2024-11-05,9835.35,0.0001070722,7.791919681381549
2024-11-06,9835.35,0.0001165605,7.791919681381549
2025-04-11,6365.79,0.0025574411,7.743484462991826
2025-04-12,6365.79,0.0026015707,7.743484462991826
2025-04-13,6365.79,0.0026031733,7.743484462991826
2025-01-20,714073.51,0.00013170156,9.26910591493877
2025-01-21,714073.51,0.00013071329,9.26910591493877
2025-01-12,5020.17,0.0006618071,9.00150839324387
2025-01-13,5020.17,0.000661987,9.00150839324387
2025-04-26,798622.55,0.00014994123,8.71801914929685
2025-04-27,798622.55,0.00013810865,8.71801914929685
2025-04-10,984216.37,0.0021294712,9.49651892338177
2025-04-11,984216.37,0.0018108713,9.49651892338177
2025-04-15,984216.37,0.0017200515,9.49651892338177
2024-11-30,267252.64,0.0022678184,8.092185720044752
2024-12-01,267252.64,0.00022613602,8.092185720044752
2024-12-02,267252.64,0.00021929671,8.092185720044752
2024-11-29,717066.67,0.00012458308,10.391877220249938
2025-02-18,1591.6,0.0022383474,9.950528472877277
2024-11-29,441131.88,0.0019069624,9.16354812901455
2024-12-03,441131.88,0.001009798,9.16354812901455
2024-11-29,6508.39,0.00035945766,9.508992517441953
2025-01-12,4598.24,0.000114197814,9.22376112710237
2025-01-13,4598.24,0.000112782946,9.22376112710237
2024-12-11,2247.72,0.0012649248,8.43058578333544
2024-12-12,2247.72,0.0012507824,8.43058578333544
2025-03-07,764219.27,0.00019164522,8.386152394359275
2025-03-09,764219.27,0.00020389447,8.386152394359275
2025-04-16,1082848.25,0.0010167225,8.138859213237481
2025-04-17,1082848.25,0.0002109617,8.138859213237481
2025-04-18,1082848.25,0.00021292927,8.138859213237481
2025-05-07,1082848.25,0.00022610826,8.138859213237481
2025-05-08,1082848.25,0.00023001658,8.138859213237481
2024-10-30,3880317.13,0.00023801521,12.785966186540808
2024-10-31,3880317.13,0.00024019807,12.785966186540808
2025-01-24,483419.29,0.00016558963,7.73826217973002
2025-04-03,4157.04,0.0005387862,7.780962879247161
2025-04-04,4157.04,0.00053571677,7.780962879247161
2024-10-20,2363.15,0.0003041123,8.448408658176382
2024-10-21,2363.15,0.00031779445,8.448408658176382
2024-10-22,2363.15,0.0003143953,8.448408658176382
2024-10-24,2363.15,0.0003348188,8.448408658176382
2025-01-30,801281.67,0.00016411561,9.11423087751381
2025-02-25,9042.23,0.0012163961,8.06138582796166
2025-03-06,1509987.68,0.0014685808,8.250225715426179
2025-03-07,1509987.68,0.0014740857,8.250225715426179
2025-03-12,4363.98,0.001490529,8.876984576210315
2025-01-08,1292149.22,7.679616e-05,9.234651244133241
2025-01-09,1292149.22,9.402299e-05,9.234651244133241
2025-04-15,12193.48,0.00014681782,8.077734413506978
2025-03-11,729076.4,0.00027588932,8.218580772879998
2025-01-28,6383.87,0.0001692874,8.135334242750684
2024-11-27,3405.55,0.0008812804,7.789698915156055
2024-11-28,3405.55,0.0008745653,7.789698915156055
2024-11-30,3405.55,0.00087580294,7.789698915156055
2025-01-15,2189753.77,0.0005126427,9.70155448806092
2025-01-16,2189753.77,0.0005088696,9.70155448806092
2025-04-25,4561.72,0.0003349643,8.146871514961328
2025-04-26,4561.72,0.00033263495,8.146871514961328
2025-04-07,4972.83,0.002596914,7.821059672710916
2024-12-01,226642.69,0.0001244409,7.788525020594285
2024-12-02,226642.69,0.00016145475,7.788525020594285
2024-11-30,12008.78,0.000363614,8.164617077187971
2024-12-24,877149.94,0.0009160559,8.498912563776011
2025-02-10,2730.17,0.00011364303,8.164909678663756
2025-02-11,2730.17,0.00011491375,8.164909678663756
2025-02-05,1158543.15,0.0010283677,7.821199989279512
2025-02-06,1158543.15,0.0010342628,7.821199989279512
2025-02-07,1158543.15,0.0010367613,7.821199989279512
2025-02-10,1158543.15,0.0010365767,7.821199989279512
2025-02-11,1158543.15,0.0006701956,7.821199989279512
2025-05-01,1423076.35,0.0007616792,9.438766247382741
2025-05-02,1423076.35,0.00075671053,9.438766247382741
2024-11-29,794499.42,0.0010551487,10.72445561036914
2024-11-30,794499.42,0.0011517355,10.72445561036914
2024-12-01,794499.42,0.00026188098,10.72445561036914
2024-12-02,794499.42,0.00023078421,10.72445561036914
2024-11-13,6409.08,0.0006410702,8.766160319225193
2025-05-05,1783078.57,0.00018483042,8.500380824006275
2025-03-10,4823.2,0.00022126824,8.608671423715128
2025-04-25,5232.85,0.00021608039,8.029234705479102
2024-12-15,4317.63,0.00072877517,8.3980993108438
2024-12-16,4317.63,0.0003411011,8.3980993108438
2024-12-17,4317.63,0.0003434551,8.3980993108438
2025-02-23,528007.23,0.0004634192,8.889487830872667
2025-02-27,2330071.83,0.0022689686,10.164744367990496
2025-02-28,2330071.83,0.0013427663,10.164744367990496
2025-03-01,2330071.83,0.0013721556,10.164744367990496
2025-03-05,2330071.83,0.0011919264,10.164744367990496
2025-01-18,3149.14,0.00010017584,9.048554799375726
2025-01-19,3149.14,0.00010711253,9.048554799375726
2025-02-22,2504317.91,0.001061332,11.964505501883211
2025-03-08,718099.75,0.0002527328,8.177002257948354
2025-04-16,10218.37,0.00026374636,8.42595394281545
2025-04-17,10218.37,0.00025716695,8.42595394281545
2025-03-31,1371251.1,0.0006122932,10.938449750581473
2025-01-09,2781.91,0.000108769615,8.515958096557666
2025-01-10,2781.91,0.000112654016,8.515958096557666
2024-12-01,898053.79,0.00087167724,8.403428414202004
2024-12-02,898053.79,0.0005971173,8.403428414202004
2024-12-03,898053.79,0.0006092912,8.403428414202004
2024-12-05,898053.79,0.00044289773,8.403428414202004
2024-12-14,2935.42,0.0001377675,7.760180711163383
2024-12-15,2935.42,9.7035074e-05,7.760180711163383
2025-01-28,4203.6,0.00016579154,8.176290715772637
2025-03-10,6050.3,0.00017730103,8.045428249623868
2025-01-13,2902.54,0.00029706294,10.611061307690633
2025-01-14,2902.54,0.0001472923,10.611061307690633
2025-01-24,5127.43,0.00012478499,8.451197160328984
2025-04-03,2275.63,0.0006138509,9.749319791185282
2025-01-24,2475.92,0.0008647104,11.187448796631033
2025-01-25,2475.92,0.0008695923,11.187448796631033
2024-12-21,2246.62,0.0008011062,9.508712195228103
2024-12-22,2246.62,0.00078833214,9.508712195228103
2024-12-24,710655.34,0.0012808283,7.843788556625775
2024-12-03,299750.02,0.0010369886,8.313279390217517
2025-02-21,394045.51,0.000117549454,8.201545841054557
2025-02-01,5057.58,0.0007505649,8.705532308921427
2025-01-20,531798.13,0.00020377751,8.485333331048636
2025-03-17,2335.16,7.954388e-05,9.921618442152798
2025-03-18,2335.16,8.817658e-05,9.921618442152798
2025-01-25,566913.51,0.00021208278,8.110474643967532
2025-01-10,997128.18,7.578444e-05,8.630427779371857
2025-01-11,997128.18,7.5514996e-05,8.630427779371857
2025-01-22,2672.65,0.00028281016,8.518361537174352
2025-04-21,14486.37,0.000354407,7.759112884953112
2025-05-02,14486.37,0.0008523128,7.759112884953112
2025-05-03,14486.37,0.0007234283,7.759112884953112
2025-04-13,2087.92,0.00081016036,8.69783751308531
2025-04-14,2087.92,0.00082456827,8.69783751308531
2025-04-15,2087.92,0.0007952834,8.69783751308531
2024-11-02,7557.07,0.0020077096,8.366008954258133
2025-04-14,1108823.18,0.00020931596,7.80456301583806
2024-12-05,4786.5,0.0005269132,8.164096556507054
2024-12-06,4786.5,0.00052719313,8.164096556507054
2025-03-14,5886.68,0.00017631121,8.106112007104358
2025-03-15,5886.68,0.00014465667,8.106112007104358
2024-12-08,636757.22,0.0001419924,7.9535153951126025
2024-12-09,636757.22,0.00024182817,7.9535153951126025
2024-12-10,636757.22,0.00025784396,7.9535153951126025
2024-12-11,636757.22,0.00029453484,7.9535153951126025
2025-04-15,14659.54,0.00085813325,7.736605478754546
2024-12-19,669496.35,0.0009279946,8.096866439520518
2024-12-20,669496.35,9.9088815e-05,8.096866439520518
2024-12-21,669496.35,9.1646136e-05,8.096866439520518
